name,group_gnd,orig_folder,status
114124_3602_w2FITC-C_1,,old_data_unlabeled,unlabeled
114124_3661_w2FITC-C_1,,old_data_unlabeled,unlabeled
040325_4534_w2FITC-C_2,0.0,05_FN_Cilen100,labeled
110624_3355_w2FITC-C_1,0.0,old_data,labeled
040925_4637_w2FITC-C,0.0,02_VN,labeled
114124_3583_w2FITC-C_1,,old_data_unlabeled,unlabeled
040325_4542_w2FITC-C,1.0,05_FN_Cilen100,labeled
110624_3328_w2FITC-C_2,2.0,old_data,labeled
111124_3495_w2FITC-C_2,,old_data_unlabeled,unlabeled
040925_4658_w2FITC-C,1.0,02_VN,labeled
110624_3284_w2FITC-C_2,0.0,old_data,labeled
040425_4549_w2FITC-C,2.0,05_FN_Cilen100,labeled
111124_3549_w2FITC-C_1,,old_data_unlabeled,unlabeled
040225_4390_w2FITC-C_2,0.0,01_FN,labeled
110624_3343_w2FITC-C_1,,old_data_unlabeled,unlabeled
013125_3835_w2FITC-C_1,0.0,02_VN,labeled
040225_4395_w2FITC-C,0.0,01_FN,labeled
114124_3641_w2FITC-C_1,0.0,old_data,labeled
110624_3303_w2FITC-C_2,,old_data_unlabeled,unlabeled
110624_3286_w2FITC-C_1,,old_data_unlabeled,unlabeled
012925_3820_w2FITC-C,1.0,02_VN,labeled
041225_4842_w2FITC-C,1.0,04_VN_P5D2,labeled
040225_4408_w2FITC-C,2.0,01_FN,labeled
111124_3521_w2FITC-C_1,,old_data_unlabeled,unlabeled
110624_3314_w2FITC-C_2,,old_data_unlabeled,unlabeled
111124_3566_w2FITC-C_1,2.0,old_data,labeled
040325_4519_w2FITC-C,0.0,05_FN_Cilen100,labeled
012725_3764_w2FITC-C_1,1.0,01_FN,labeled
110724_3405_w2FITC-C_1,1.0,old_data,labeled
110724_3384_w2FITC-C_2,,old_data_unlabeled,unlabeled
041125_4768_w2FITC-C_1,0.0,06_VN_Cilen100,labeled
110724_3464_w2FITC-C_1,,old_data_unlabeled,unlabeled
111124_3563_w2FITC-C_1,,old_data_unlabeled,unlabeled
040925_4665_w2FITC-C,0.0,02_VN,labeled
110724_3421_w2FITC-C_1,,old_data_unlabeled,unlabeled
111124_3519_w2FITC-C_2,,old_data_unlabeled,unlabeled
041125_4780_w2FITC-C,1.0,06_VN_Cilen100,labeled
114124_3656_w2FITC-C_2,1.0,old_data,labeled
012725_3762_w2FITC-C,1.0,01_FN,labeled
110724_3422_w2FITC-C_1,2.0,old_data,labeled
040425_4587_w2FITC-C,2.0,03_FN_P5D2,labeled
114124_3625_w2FITC-C_1,,old_data_unlabeled,unlabeled
040425_4570_w2FITC-C,0.0,03_FN_P5D2,labeled
111124_3544_w2FITC-C_1,,old_data_unlabeled,unlabeled
110724_3372_w2FITC-C_1,,old_data_unlabeled,unlabeled
041225_4828_w2FITC-C_2,0.0,04_VN_P5D2,labeled
041125_4792_w2FITC-C,0.0,06_VN_Cilen100,labeled
110624_3323_w2FITC-C_1,0.0,old_data,labeled
041225_4840_w2FITC-C_1,2.0,04_VN_P5D2,labeled
110624_3320_w2FITC-C_2,0.0,old_data,labeled
040925_4666_w2FITC-C_1,0.0,02_VN,labeled
040925_4652_w2FITC-C_2,0.0,02_VN,labeled
114124_3604_w2FITC-C_3,,old_data_unlabeled,unlabeled
110724_3434_w2FITC-C_1,,old_data_unlabeled,unlabeled
110624_3301_w2FITC-C_1,,old_data_unlabeled,unlabeled
012725_3740_w2FITC-C,1.0,01_FN,labeled
110724_3460_w2FITC-C_1,,old_data_unlabeled,unlabeled
041125_4781_w2FITC-C,0.0,06_VN_Cilen100,labeled
114124_3650_w2FITC-C_1,1.0,old_data,labeled
110724_3381_w2FITC-C_2,,old_data_unlabeled,unlabeled
012725_3758_w2FITC-C_1,1.0,01_FN,labeled
110624_3308_w2FITC-C_1,,old_data_unlabeled,unlabeled
114124_3593_w2FITC-C_2,,old_data_unlabeled,unlabeled
111124_3552_w2FITC-C_1,,old_data_unlabeled,unlabeled
114124_3617_w2FITC-C_!,,old_data_unlabeled,unlabeled
041125_4771_w2FITC-C,1.0,06_VN_Cilen100,labeled
111124_3522_w2FITC-C_1,,old_data_unlabeled,unlabeled
111124_3557_w2FITC-C_1,,old_data_unlabeled,unlabeled
111124_3528_w2FITC-C_1,,old_data_unlabeled,unlabeled
040925_4651_w2FITC-C,0.0,02_VN,labeled
110724_3371_w2FITC-C_1,,old_data_unlabeled,unlabeled
041225_4838_w2FITC-C_2,1.0,04_VN_P5D2,labeled
040925_4649_w2FITC-C_1,0.0,02_VN,labeled
040425_4547_w2FITC-C_2,1.0,05_FN_Cilen100,labeled
040425_4552_w2FITC-C,1.0,05_FN_Cilen100,labeled
111124_3489_w2FITC-C_1,,old_data_unlabeled,unlabeled
040225_4413_w2FITC-C,2.0,01_FN,labeled
040225_4400_w2FITC-C_2,0.0,01_FN,labeled
040325_4515_w2FITC-C_1,0.0,05_FN_Cilen100,labeled
040425_4578_w2FITC-C_1,0.0,03_FN_P5D2,labeled
111124_3479_w2FITC-C_1,,old_data_unlabeled,unlabeled
110724_3431_w2FITC-C_1,0.0,old_data,labeled
040425_4588_w2FITC-C,2.0,03_FN_P5D2,labeled
041125_4769_w2FITC-C_1,0.0,06_VN_Cilen100,labeled
110624_3357_w2FITC-C_1,1.0,old_data,labeled
110624_3358_w2FITC-C_1,1.0,old_data,labeled
111124_3567_w2FITC-C_1,,old_data_unlabeled,unlabeled
041125_4784_w2FITC-C,0.0,06_VN_Cilen100,labeled
111124_3568_w2FITC-C_1,,old_data_unlabeled,unlabeled
110624_3292_w2FITC-C_2,,old_data_unlabeled,unlabeled
110724_3392_w2FITC-C_1,1.0,old_data,labeled
114124_3619_w2FITC-C_1,,old_data_unlabeled,unlabeled
041225_4815_w2FITC-C,1.0,04_VN_P5D2,labeled
040325_4540_w2FITC-C,0.0,05_FN_Cilen100,labeled
114124_3599_w2FITC-C_1,1.0,old_data,labeled
110624_3346_w2FITC-C_1,,old_data_unlabeled,unlabeled
012925_3821_w2FITC-C_2,1.0,02_VN,labeled
110724_3383_w2FITC-C_1,,old_data_unlabeled,unlabeled
111124_3518_w2FITC-C_1,,old_data_unlabeled,unlabeled
111124_3515_w2FITC-C_1,1.0,old_data,labeled
110724_3399_w2FITC-C_1,,old_data_unlabeled,unlabeled
114124_3631_w2FITC-C_1,,old_data_unlabeled,unlabeled
110624_3313_w2FITC-C_!,,old_data_unlabeled,unlabeled
110724_3471_w2FITC-C_1,,old_data_unlabeled,unlabeled
041225_4853_w2FITC-C,2.0,04_VN_P5D2,labeled
110624_3342_w2FITC-C_1,,old_data_unlabeled,unlabeled
041125_4805_w2FITC-C_2,1.0,06_VN_Cilen100,labeled
110724_3382_w2FITC-C_1,1.0,old_data,labeled
040425_4576_w2FITC-C,0.0,03_FN_P5D2,labeled
110624_3334_w2FITC-C_1,1.0,old_data,labeled
110724_3447_w2FITC-C_1,,old_data_unlabeled,unlabeled
114124_3571_w2FITC-C_1,,old_data_unlabeled,unlabeled
041125_4775_w2FITC-C_2,1.0,06_VN_Cilen100,labeled
110624_3300_w2FITC-C_1,,old_data_unlabeled,unlabeled
111124_3524_w2FITC-C_1,0.0,old_data,labeled
110624_3349_w2FITC-C_1,0.0,old_data,labeled
114124_3603_w2FITC-C_1,,old_data_unlabeled,unlabeled
110624_3271_w2FITC-C_1,,old_data_unlabeled,unlabeled
114124_3586_w2FITC-C_2,,old_data_unlabeled,unlabeled
040425_4577_w2FITC-C_2,1.0,03_FN_P5D2,labeled
110724_3427_w2FITC-C_1,1.0,old_data,labeled
040225_4411_w2FITC-C,1.0,01_FN,labeled
040325_4524_w2FITC-C,0.0,05_FN_Cilen100,labeled
012925_3821_w2FITC-C_1,1.0,02_VN,labeled
012725_3737_w2FITC-C_1,0.0,01_FN,labeled
110624_3278_w2FITC-C_1,0.0,old_data,labeled
110624_3328_w2FITC-C_1,,old_data_unlabeled,unlabeled
111124_3491_w2FITC-C_1,,old_data_unlabeled,unlabeled
040925_4663_w2FITC-C,0.0,02_VN,labeled
041225_4819_w2FITC-C,1.0,04_VN_P5D2,labeled
110724_3464_w2FITC-C_2,,old_data_unlabeled,unlabeled
012925_3812_w2FITC-C,0.0,02_VN,labeled
110624_3317_w2FITC-C_1,,old_data_unlabeled,unlabeled
111124_3481_w2FITC-C_1,0.0,old_data,labeled
111124_3551_w2FITC-C_2,1.0,old_data,labeled
040325_4527_w2FITC-C_2,0.0,05_FN_Cilen100,labeled
040425_4550_w2FITC-C_2,0.0,05_FN_Cilen100,labeled
041225_4825_w2FITC-C,1.0,04_VN_P5D2,labeled
040425_4592_w2FITC-C,0.0,03_FN_P5D2,labeled
114124_3582_w2FITC-C_1,,old_data_unlabeled,unlabeled
012725_3766_w2FITC-C,2.0,01_FN,labeled
111124_3537_w2FITC-C_1,,old_data_unlabeled,unlabeled
110624_3306_w2FITC-C_1,,old_data_unlabeled,unlabeled
012725_3744_w2FITC-C_2,0.0,01_FN,labeled
040225_4401_w2FITC-C_3,1.0,01_FN,labeled
041225_4809_w2FITC-C,1.0,04_VN_P5D2,labeled
040925_4661_w2FITC-C,1.0,02_VN,labeled
041125_4804_w2FITC-C_1,1.0,06_VN_Cilen100,labeled
041125_4801_w2FITC-C,1.0,06_VN_Cilen100,labeled
114124_3613_w2FITC-C_1,0.0,old_data,labeled
114124_3633_w2FITC-C_1,,old_data_unlabeled,unlabeled
110624_3333_w2FITC-C_1,,old_data_unlabeled,unlabeled
110624_3293_w2FITC-C_1,,old_data_unlabeled,unlabeled
111124_3490_w2FITC-C_1,0.0,old_data,labeled
040325_4527_w2FITC-C_1,0.0,05_FN_Cilen100,labeled
111124_3504_w2FITC-C_rot45,,old_data_unlabeled,unlabeled
040325_4523_w2FITC-C,0.0,05_FN_Cilen100,labeled
040225_4407_w2FITC-C,1.0,01_FN,labeled
111124_3499_w2FITC-C_1,,old_data_unlabeled,unlabeled
110724_3439_w2FITC-C_2,,old_data_unlabeled,unlabeled
110724_3385_w2FITC-C_1,,old_data_unlabeled,unlabeled
040925_4646_w2FITC-C,0.0,02_VN,labeled
114124_3663_w2FITC-C_1,2.0,old_data,labeled
110724_3456_w2FITC-C_1,,old_data_unlabeled,unlabeled
114124_3632_w2FITC-C_1,0.0,old_data,labeled
110724_3436_w2FITC-C_1,,old_data_unlabeled,unlabeled
041225_4830_w2FITC-C_1,1.0,04_VN_P5D2,labeled
114124_3644_w2FITC-C_1,,old_data_unlabeled,unlabeled
041225_4847_w2FITC-C,0.0,04_VN_P5D2,labeled
114124_3649_w2FITC-C_1,,old_data_unlabeled,unlabeled
110624_3296_w2FITC-C_1,,old_data_unlabeled,unlabeled
041225_4810_w2FITC-C,1.0,04_VN_P5D2,labeled
110724_3452_w2FITC-C_1,0.0,old_data,labeled
111124_3540_w2FITC-C_2,0.0,old_data,labeled
110724_3446_w2FITC-C_1,0.0,old_data,labeled
041125_4807_w2FITC-C_2,1.0,06_VN_Cilen100,labeled
114124_3645_w2FITC-C_1,,old_data_unlabeled,unlabeled
040425_4567_w2FITC-C,1.0,03_FN_P5D2,labeled
040325_4534_w2FITC-C_1,0.0,05_FN_Cilen100,labeled
041225_4849_w2FITC-C,0.0,04_VN_P5D2,labeled
041225_4836_w2FITC-C,0.0,04_VN_P5D2,labeled
111124_3540_w2FITC-C_1,0.0,old_data,labeled
111124_3550_w2FITC-C_1,,old_data_unlabeled,unlabeled
110624_3350_w2FITC-C_1,1.0,old_data,labeled
041125_4778_w2FITC-C,0.0,06_VN_Cilen100,labeled
114124_3657_w2FITC-C_1,,old_data_unlabeled,unlabeled
111124_3474_w2FITC-C_2,,old_data_unlabeled,unlabeled
111124_3496_w2FITC-C_1,,old_data_unlabeled,unlabeled
111124_3478_w2FITC-C_1,0.0,old_data,labeled
111124_3545_w2FITC-C_1,,old_data_unlabeled,unlabeled
114124_3647_w2FITC-C_2,,old_data_unlabeled,unlabeled
114124_3618_w2FITC-C_1,,old_data_unlabeled,unlabeled
110724_3418_w2FITC-C_1,1.0,old_data,labeled
114124_3604_w2FITC-C_1,,old_data_unlabeled,unlabeled
114124_3609_w2FITC-C_1,,old_data_unlabeled,unlabeled
110624_3345_w2FITC-C_1,1.0,old_data,labeled
110724_3388_w2FITC-C_1,,old_data_unlabeled,unlabeled
041125_4783_w2FITC-C,2.0,06_VN_Cilen100,labeled
110724_3396_w2FITC-C_1,,old_data_unlabeled,unlabeled
111124_3517_w2FITC-C_1,1.0,old_data,labeled
111124_3538_w2FITC-C_1,,old_data_unlabeled,unlabeled
040325_4539_w2FITC-C,2.0,05_FN_Cilen100,labeled
110724_3430_w2FITC-C_1,,old_data_unlabeled,unlabeled
110724_3387_w2FITC-C_1,2.0,old_data,labeled
013125_3834_w2FITC-C_1,0.0,02_VN,labeled
114124_3648_w2FITC-C_2,1.0,old_data,labeled
041125_4773_w2FITC-C,0.0,06_VN_Cilen100,labeled
040325_4515_w2FITC-C_2,0.0,05_FN_Cilen100,labeled
012925_3822_w2FITC-C_2,1.0,02_VN,labeled
111124_3487_w2FITC-C_1,,old_data_unlabeled,unlabeled
110624_3312_w2FITC-C_1,,old_data_unlabeled,unlabeled
040425_4564_w2FITC-C,1.0,03_FN_P5D2,labeled
110724_3428_w2FITC-C_1,,old_data_unlabeled,unlabeled
114124_3624_w2FITC-C_1,,old_data_unlabeled,unlabeled
110724_3469_w2FITC-C_1,,old_data_unlabeled,unlabeled
041225_4851_w2FITC-C,0.0,04_VN_P5D2,labeled
110724_3462_w2FITC-C_1,,old_data_unlabeled,unlabeled
013125_3838_w2FITC-C_1,0.0,02_VN,labeled
110724_3445_w2FITC-C_1,,old_data_unlabeled,unlabeled
114124_3577_w2FITC-C_1,,old_data_unlabeled,unlabeled
114124_3584_w2FITC-C_2,,old_data_unlabeled,unlabeled
110724_3424_w2FITC-C_1,1.0,old_data,labeled
041225_4828_w2FITC-C_1,0.0,04_VN_P5D2,labeled
114124_3637_w2FITC-C_2,,old_data_unlabeled,unlabeled
110624_3353_w2FITC-C_1,1.0,old_data,labeled
041225_4833_w2FITC-C,0.0,04_VN_P5D2,labeled
114124_3637_w2FITC-C_1,0.0,old_data,labeled
114124_3576_w2FITC-C_1,,old_data_unlabeled,unlabeled
110724_3457_w2FITC-C_1,2.0,old_data,labeled
114124_3614_w2FITC-C_1,,old_data_unlabeled,unlabeled
110624_3299_w2FITC-C_1,2.0,old_data,labeled
114124_3643_w2FITC-C_1,,old_data_unlabeled,unlabeled
114124_3611_w2FITC-C_1,1.0,old_data,labeled
040225_4406_w2FITC-C_1,0.0,01_FN,labeled
110724_3470_w2FITC-C_1,2.0,old_data,labeled
110724_3381_w2FITC-C_1,1.0,old_data,labeled
040925_4653_w2FITC-C_2,1.0,02_VN,labeled
111124_3512_w2FITC-C_1,1.0,old_data,labeled
114124_3627_w2FITC-C_!,0.0,old_data,labeled
040925_4640_w2FITC-C_2,0.0,02_VN,labeled
110624_3284_w2FITC-C_1,0.0,old_data,labeled
110624_3285_w2FITC-C_1,,old_data_unlabeled,unlabeled
114124_3590_w2FITC-C_1,1.0,old_data,labeled
114124_3656_w2FITC-C_1,1.0,old_data,labeled
111124_3494_w2FITC-C_2,,old_data_unlabeled,unlabeled
114124_3630_w2FITC-C_1,,old_data_unlabeled,unlabeled
110724_3461_w2FITC-C_1,,old_data_unlabeled,unlabeled
110624_3335_w2FITC-C_2,0.0,old_data,labeled
110624_3362_w2FITC-C_1,,old_data_unlabeled,unlabeled
040325_4520_w2FITC-C,1.0,05_FN_Cilen100,labeled
041225_4821_w2FITC-C_2,0.0,04_VN_P5D2,labeled
012925_3827_w2FITC-C_2,1.0,02_VN,labeled
110724_3403_w2FITC-C_3,,old_data_unlabeled,unlabeled
114124_3662_w2FITC-C_1,,old_data_unlabeled,unlabeled
111124_3564_w2FITC-C_1,2.0,old_data,labeled
041125_4805_w2FITC-C_1,2.0,06_VN_Cilen100,labeled
111124_3493_w2FITC-C_1,0.0,old_data,labeled
110624_3369_w2FITC-C_1,,old_data_unlabeled,unlabeled
040425_4571_w2FITC-C,0.0,03_FN_P5D2,labeled
041225_4808_w2FITC-C,1.0,04_VN_P5D2,labeled
012725_3741_w2FITC-C_2,1.0,01_FN,labeled
110724_3425_w2FITC-C_1,,old_data_unlabeled,unlabeled
114124_3603_w2FITC-C_3,,old_data_unlabeled,unlabeled
040425_4556_w2FITC-C,0.0,05_FN_Cilen100,labeled
114124_3596_w2FITC-C_1,2.0,old_data,labeled
040425_4562_w2FITC-C,0.0,03_FN_P5D2,labeled
110724_3398_w2FITC-C_1,1.0,old_data,labeled
114124_3598_w2FITC-C_1,,old_data_unlabeled,unlabeled
110624_3307_w2FITC-C_2,,old_data_unlabeled,unlabeled
114124_3602_w2FITC-C_2,1.0,old_data,labeled
114124_3592_w2FITC-C_1,1.0,old_data,labeled
110724_3439_w2FITC-C_1,,old_data_unlabeled,unlabeled
040225_4394_w2FITC-C,0.0,01_FN,labeled
111124_3536_w2FITC-C_1,,old_data_unlabeled,unlabeled
041225_4811_w2FITC-C,0.0,04_VN_P5D2,labeled
110624_3365_w2FITC-C_1,1.0,old_data,labeled
040925_4659_w2FITC-C_1,0.0,02_VN,labeled
040225_4412_w2FITC-C,1.0,01_FN,labeled
040925_4652_w2FITC-C_1,0.0,02_VN,labeled
040425_4563_w2FITC-C_2,0.0,03_FN_P5D2,labeled
040325_4522_w2FITC-C_1,0.0,05_FN_Cilen100,labeled
114124_3652_w2FITC-C_1,,old_data_unlabeled,unlabeled
110624_3281_w2FITC-C_1,,old_data_unlabeled,unlabeled
110624_3339_w2FITC-C_1,,old_data_unlabeled,unlabeled
041125_4774_w2FITC-C,1.0,06_VN_Cilen100,labeled
040325_4525_w2FITC-C,0.0,05_FN_Cilen100,labeled
111124_3551_w2FITC-C_1,1.0,old_data,labeled
111124_3561_w2FITC-C_1,0.0,old_data,labeled
114124_3603_w2FITC-C_2,1.0,old_data,labeled
012925_3824_w2FITC-C_1,0.0,02_VN,labeled
041125_4786_w2FITC-C,1.0,06_VN_Cilen100,labeled
041125_4770_w2FITC-C,0.0,06_VN_Cilen100,labeled
110724_3413_w2FITC-C_1,,old_data_unlabeled,unlabeled
111124_3474_w2FITC-C_1,,old_data_unlabeled,unlabeled
110724_3409_w2FITC-C_1,,old_data_unlabeled,unlabeled
012725_3735_w2FITC-C_2,0.0,01_FN,labeled
111124_3553_w2FITC-C_1,,old_data_unlabeled,unlabeled
040225_4402_w2FITC-C,1.0,01_FN,labeled
012925_3818_w2FITC-C,0.0,02_VN,labeled
111124_3537_w2FITC-C_2,,old_data_unlabeled,unlabeled
040425_4548_w2FITC-C,0.0,05_FN_Cilen100,labeled
041225_4822_w2FITC-C,0.0,04_VN_P5D2,labeled
012725_3751_w2FITC-C,1.0,01_FN,labeled
114124_3606_w2FITC-C_2,0.0,old_data,labeled
041125_4797_w2FITC-C_1,1.0,06_VN_Cilen100,labeled
040425_4560_w2FITC-C_2,0.0,03_FN_P5D2,labeled
111124_3529_w2FITC-C_1,0.0,old_data,labeled
114124_3629_w2FITC-C_2,,old_data_unlabeled,unlabeled
040925_4648_w2FITC-C,1.0,02_VN,labeled
040925_4654_w2FITC-C,0.0,02_VN,labeled
110624_3280_w2FITC-C_1,,old_data_unlabeled,unlabeled
040425_4553_w2FITC-C,1.0,05_FN_Cilen100,labeled
012725_3752_w2FITC-C,0.0,01_FN,labeled
013125_3839_w2FITC-C_1,0.0,02_VN,labeled
110724_3404_w2FITC-C_1,,old_data_unlabeled,unlabeled
111124_3569_w2FITC-C_1,,old_data_unlabeled,unlabeled
041225_4828_w2FITC-C_3,2.0,04_VN_P5D2,labeled
110724_3403_w2FITC-C_1,,old_data_unlabeled,unlabeled
114124_3599_w2FITC-C_2,,old_data_unlabeled,unlabeled
114124_3607_w2FITC-C_2,,old_data_unlabeled,unlabeled
114124_3665_w2FITC-C_1,,old_data_unlabeled,unlabeled
040925_4638_w2FITC-C,0.0,02_VN,labeled
040925_4642_w2FITC-C_2,0.0,02_VN,labeled
114124_3626_w2FITC-C_1,,old_data_unlabeled,unlabeled
114124_3646_w2FITC-C_1,2.0,old_data,labeled
040325_4516_w2FITC-C,0.0,05_FN_Cilen100,labeled
110624_3309_w2FITC-C_2,,old_data_unlabeled,unlabeled
041125_4772_w2FITC-C,1.0,06_VN_Cilen100,labeled
114124_3638_w2FITC-C_1,,old_data_unlabeled,unlabeled
111124_3531_w2FITC-C_1,,old_data_unlabeled,unlabeled
041125_4793_w2FITC-C,0.0,06_VN_Cilen100,labeled
110624_3347_w2FITC-C_1,,old_data_unlabeled,unlabeled
012925_3815_w2FITC-C_2,2.0,02_VN,labeled
012725_3754_w2FITC-C_2,0.0,01_FN,labeled
114124_3578_w2FITC-C_1,,old_data_unlabeled,unlabeled
040425_4589_w2FITC-C,1.0,03_FN_P5D2,labeled
040225_4393_w2FITC-C,0.0,01_FN,labeled
040425_4573_w2FITC-C,1.0,03_FN_P5D2,labeled
040225_4401_w2FITC-C_2,2.0,01_FN,labeled
110724_3455_w2FITC-C_1,,old_data_unlabeled,unlabeled
111124_3543_w2FITC-C_1,,old_data_unlabeled,unlabeled
012725_3757_w2FITC-C,1.0,01_FN,labeled
040425_4543_w2FITC-C,1.0,05_FN_Cilen100,labeled
040925_4642_w2FITC-C_1,2.0,02_VN,labeled
040225_4397_w2FITC-C,0.0,01_FN,labeled
110724_3419_w2FITC-C_1,,old_data_unlabeled,unlabeled
110724_3393_w2FITC-C_1,,old_data_unlabeled,unlabeled
110624_3315_w2FITC-C_1,,old_data_unlabeled,unlabeled
114124_3597_w2FITC-C_1,,old_data_unlabeled,unlabeled
040225_4404_w2FITC-C_3,0.0,01_FN,labeled
012925_3826_w2FITC-C_1,0.0,02_VN,labeled
040925_4644_w2FITC-C,0.0,02_VN,labeled
012925_3823_w2FITC-C_2,0.0,02_VN,labeled
110724_3454_w2FITC-C_!,,old_data_unlabeled,unlabeled
114124_3664_w2FITC-C_1,,old_data_unlabeled,unlabeled
110624_3305_w2FITC-C_1,,old_data_unlabeled,unlabeled
012925_3817_w2FITC-C,1.0,02_VN,labeled
041125_4791_w2FITC-C,1.0,06_VN_Cilen100,labeled
114124_3572_w2FITC-C_1,0.0,old_data,labeled
040225_4416_w2FITC-C_2,0.0,01_FN,labeled
114124_3584_w2FITC-C_1,,old_data_unlabeled,unlabeled
012725_3761_w2FITC-C,1.0,01_FN,labeled
040425_4591_w2FITC-C,0.0,03_FN_P5D2,labeled
040425_4585_w2FITC-C,0.0,03_FN_P5D2,labeled
110624_3341_w2FITC-C_1,,old_data_unlabeled,unlabeled
012725_3758_w2FITC-C_2,1.0,01_FN,labeled
114124_3601_w2FITC-C_2,0.0,old_data,labeled
041225_4821_w2FITC-C_1,1.0,04_VN_P5D2,labeled
040425_4590_w2FITC-C,0.0,03_FN_P5D2,labeled
040325_4526_w2FITC-C,1.0,05_FN_Cilen100,labeled
040325_4541_w2FITC-C,0.0,05_FN_Cilen100,labeled
040225_4415_w2FITC-C,2.0,01_FN,labeled
012725_3754_w2FITC-C_1,0.0,01_FN,labeled
110624_3348_w2FITC-C_1,,old_data_unlabeled,unlabeled
114124_3608_w2FITC-C_2,,old_data_unlabeled,unlabeled
110624_3324_w2FITC-C_1,,old_data_unlabeled,unlabeled
110724_3419_w2FITC-C_2,,old_data_unlabeled,unlabeled
041125_4762_w2FITC-C,0.0,06_VN_Cilen100,labeled
040325_4521_w2FITC-C_1,0.0,05_FN_Cilen100,labeled
110724_3410_w2FITC-C_1,,old_data_unlabeled,unlabeled
040225_4417_w2FITC-C_2,2.0,01_FN,labeled
041125_4788_w2FITC-C,1.0,06_VN_Cilen100,labeled
040425_4565_w2FITC-C,0.0,03_FN_P5D2,labeled
040425_4594_w2FITC-C,2.0,03_FN_P5D2,labeled
012725_3755_w2FITC-C_2,0.0,01_FN,labeled
111124_3498_w2FITC-C_1,1.0,old_data,labeled
012725_3739_w2FITC-C,0.0,01_FN,labeled
110624_3320_w2FITC-C_1,,old_data_unlabeled,unlabeled
110724_3385_w2FITC-C_2,1.0,old_data,labeled
110624_3294_w2FITC-C_1,,old_data_unlabeled,unlabeled
111124_3533_w2FITC-C_2,,old_data_unlabeled,unlabeled
040325_4521_w2FITC-C_2,0.0,05_FN_Cilen100,labeled
111124_3520_w2FITC-C_1,0.0,old_data,labeled
110624_3326_w2FITC-C_1,,old_data_unlabeled,unlabeled
110624_3327_w2FITC-C_1,,old_data_unlabeled,unlabeled
013125_3840_w2FITC-C_1,0.0,02_VN,labeled
114124_3645_w2FITC-C_2,0.0,old_data,labeled
012725_3745_w2FITC-C_1,0.0,01_FN,labeled
041225_4830_w2FITC-C_2,1.0,04_VN_P5D2,labeled
041125_4782_w2FITC-C,2.0,06_VN_Cilen100,labeled
110724_3375_w2FITC-C_1,0.0,old_data,labeled
110724_3401_w2FITC-C_1,,old_data_unlabeled,unlabeled
110724_3454_w2FITC-C_2,,old_data_unlabeled,unlabeled
111124_3562_w2FITC-C_2,1.0,old_data,labeled
040425_4572_w2FITC-C,1.0,03_FN_P5D2,labeled
110724_3378_w2FITC-C_1,,old_data_unlabeled,unlabeled
040925_4666_w2FITC-C_2,0.0,02_VN,labeled
012725_3764_w2FITC-C_2,2.0,01_FN,labeled
110624_3311_w2FITC-C_2,0.0,old_data,labeled
111124_3541_w2FITC-C_1,1.0,old_data,labeled
111124_3507_w2FITC-C_1,,old_data_unlabeled,unlabeled
041225_4812_w2FITC-C,1.0,04_VN_P5D2,labeled
110624_3344_w2FITC-C_1,,old_data_unlabeled,unlabeled
114124_3573_w2FITC-C_1,,old_data_unlabeled,unlabeled
040925_4641_w2FITC-C,1.0,02_VN,labeled
110624_3329_w2FITC-C_1,,old_data_unlabeled,unlabeled
111124_3516_w2FITC-C_2,,old_data_unlabeled,unlabeled
013125_3837_w2FITC-C_1,1.0,02_VN,labeled
040925_4659_w2FITC-C_2,1.0,02_VN,labeled
111124_3508_w2FITC-C_2,,old_data_unlabeled,unlabeled
110624_3324_w2FITC-C_2,,old_data_unlabeled,unlabeled
041125_4764_w2FITC-C,1.0,06_VN_Cilen100,labeled
110724_3403_w2FITC-C_2,,old_data_unlabeled,unlabeled
111124_3509_w2FITC-C_1,1.0,old_data,labeled
110624_3340_w2FITC-C_1,,old_data_unlabeled,unlabeled
110724_3406_w2FITC-C_!,,old_data_unlabeled,unlabeled
111124_3501_w2FITC-C_1,,old_data_unlabeled,unlabeled
012725_3765_w2FITC-C,1.0,01_FN,labeled
041225_4848_w2FITC-C,1.0,04_VN_P5D2,labeled
012725_3753_w2FITC-C_2,1.0,01_FN,labeled
114124_3595_w2FITC-C_1,,old_data_unlabeled,unlabeled
110724_3416_w2FITC-C_1,0.0,old_data,labeled
114124_3660_w2FITC-C_2,,old_data_unlabeled,unlabeled
041225_4826_w2FITC-C,1.0,04_VN_P5D2,labeled
110624_3311_w2FITC-C_1,0.0,old_data,labeled
111124_3512_w2FITC-C_2,,old_data_unlabeled,unlabeled
110724_3376_w2FITC-C_1,0.0,old_data,labeled
111124_3476_w2FITC-C_1,,old_data_unlabeled,unlabeled
012725_3745_w2FITC-C_2,0.0,01_FN,labeled
110724_3458_w2FITC-C_1,,old_data_unlabeled,unlabeled
111124_3488_w2FITC-C_1,0.0,old_data,labeled
041225_4814_w2FITC-C_2,1.0,04_VN_P5D2,labeled
111124_3525_w2FITC-C_1,0.0,old_data,labeled
111124_3539_w2FITC-C_1,0.0,old_data,labeled
012725_3744_w2FITC-C_1,0.0,01_FN,labeled
110724_3450_w2FITC-C_1,1.0,old_data,labeled
111124_3488_w2FITC-C_2,,old_data_unlabeled,unlabeled
114124_3620_w2FITC-C_1,1.0,old_data,labeled
040925_4649_w2FITC-C_2,2.0,02_VN,labeled
114124_3605_w2FITC-C_1,,old_data_unlabeled,unlabeled
012725_3759_w2FITC-C,1.0,01_FN,labeled
012725_3760_w2FITC-C,1.0,01_FN,labeled
041225_4845_w2FITC-C,0.0,04_VN_P5D2,labeled
040325_4538_w2FITC-C,2.0,05_FN_Cilen100,labeled
110724_3465_w2FITC-C_1,,old_data_unlabeled,unlabeled
012725_3738_w2FITC-C,1.0,01_FN,labeled
041225_4835_w2FITC-C,2.0,04_VN_P5D2,labeled
110724_3433_w2FITC-C_2,,old_data_unlabeled,unlabeled
110624_3304_w2FITC-C_1,,old_data_unlabeled,unlabeled
012925_3823_w2FITC-C_!,0.0,02_VN,labeled
111124_3491_w2FITC-C_2,,old_data_unlabeled,unlabeled
111124_3486_w2FITC-C_1,,old_data_unlabeled,unlabeled
040425_4545_w2FITC-C_1,1.0,05_FN_Cilen100,labeled
040325_4528_w2FITC-C,0.0,05_FN_Cilen100,labeled
040225_4410_w2FITC-C,2.0,01_FN,labeled
041125_4800_w2FITC-C,2.0,06_VN_Cilen100,labeled
040225_4417_w2FITC-C_1,0.0,01_FN,labeled
111124_3492_w2FITC-C_1,,old_data_unlabeled,unlabeled
110624_3364_w2FITC-C_2,,old_data_unlabeled,unlabeled
110624_3367_w2FITC-C_1,1.0,old_data,labeled
040325_4518_w2FITC-C_1,0.0,05_FN_Cilen100,labeled
040425_4586_w2FITC-C,2.0,03_FN_P5D2,labeled
012925_3816_w2FITC-C,0.0,02_VN,labeled
012925_3813_w2FITC-C,1.0,02_VN,labeled
110624_3307_w2FITC-C_1,0.0,old_data,labeled
111124_3494_w2FITC-C_1,,old_data_unlabeled,unlabeled
012725_3736_w2FITC-C,0.0,01_FN,labeled
111124_3518_w2FITC-C_2,,old_data_unlabeled,unlabeled
040325_4537_w2FITC-C,1.0,05_FN_Cilen100,labeled
040225_4404_w2FITC-C_1,2.0,01_FN,labeled
110624_3354_w2FITC-C_1,0.0,old_data,labeled
110724_3444_w2FITC-C_1,,old_data_unlabeled,unlabeled
110624_3363_w2FITC-C_1,,old_data_unlabeled,unlabeled
114124_3623_w2FITC-C_1,0.0,old_data,labeled
012925_3822_w2FITC-C_1,0.0,02_VN,labeled
040425_4547_w2FITC-C_1,1.0,05_FN_Cilen100,labeled
111124_3511_w2FITC-C_2,,old_data_unlabeled,unlabeled
040425_4578_w2FITC-C_2,0.0,03_FN_P5D2,labeled
041225_4838_w2FITC-C_1,1.0,04_VN_P5D2,labeled
012725_3744_w2FITC-C_3,1.0,01_FN,labeled
110624_3337_w2FITC-C_1,,old_data_unlabeled,unlabeled
012725_3741_w2FITC-C_3,1.0,01_FN,labeled
040225_4418_w2FITC-C,2.0,01_FN,labeled
110624_3347_w2FITC-C_2,,old_data_unlabeled,unlabeled
111124_3497_w2FITC-C_1,0.0,old_data,labeled
111124_3560_w2FITC-C_1,,old_data_unlabeled,unlabeled
110724_3391_w2FITC-C_1,,old_data_unlabeled,unlabeled
040425_4580_w2FITC-C,1.0,03_FN_P5D2,labeled
114124_3635_w2FITC-C_1,,old_data_unlabeled,unlabeled
041125_4804_w2FITC-C_2,0.0,06_VN_Cilen100,labeled
111124_3499_w2FITC-C_2,1.0,old_data,labeled
041225_4844_w2FITC-C,0.0,04_VN_P5D2,labeled
110624_3304_w2FITC-C_2,0.0,old_data,labeled
040225_4396_w2FITC-C,0.0,01_FN,labeled
041125_4789_w2FITC-C_1,0.0,06_VN_Cilen100,labeled
110624_3333_w2FITC-C_2,,old_data_unlabeled,unlabeled
012925_3830_w2FITC-C_2,0.0,02_VN,labeled
041225_4846_w2FITC-C,1.0,04_VN_P5D2,labeled
110624_3316_w2FITC-C_1,,old_data_unlabeled,unlabeled
114124_3572_w2FITC-C_3,,old_data_unlabeled,unlabeled
110724_3453_w2FITC-C_1,,old_data_unlabeled,unlabeled
040225_4416_w2FITC-C_1,1.0,01_FN,labeled
110624_3277_w2FITC-C_1,,old_data_unlabeled,unlabeled
041125_4769_w2FITC-C_2,1.0,06_VN_Cilen100,labeled
110624_3313_w2FITC-C_2,0.0,old_data,labeled
110624_3290_w2FITC-C_1,0.0,old_data,labeled
040325_4529_w2FITC-C,0.0,05_FN_Cilen100,labeled
111124_3530_w2FITC-C_1,,old_data_unlabeled,unlabeled
040925_4664_w2FITC-C,0.0,02_VN,labeled
013125_3832_w2FITC-C_1,0.0,02_VN,labeled
111124_3533_w2FITC-C_1,,old_data_unlabeled,unlabeled
012725_3742_w2FITC-C,0.0,01_FN,labeled
111124_3500_w2FITC-C_1,,old_data_unlabeled,unlabeled
012925_3815_w2FITC-C_1,0.0,02_VN,labeled
040225_4403_w2FITC-C_1,0.0,01_FN,labeled
110624_3351_w2FITC-C_1,,old_data_unlabeled,unlabeled
041225_4824_w2FITC-C,0.0,04_VN_P5D2,labeled
012725_3768_w2FITC-C,0.0,01_FN,labeled
111124_3542_w2FITC-C_1,0.0,old_data,labeled
111124_3532_w2FITC-C_1,0.0,old_data,labeled
110724_3442_w2FITC-C_1,,old_data_unlabeled,unlabeled
110724_3397_w2FITC-C_!,2.0,old_data,labeled
040225_4404_w2FITC-C_2,1.0,01_FN,labeled
110624_3282_w2FITC-C_1,0.0,old_data,labeled
111124_3527_w2FITC-C_1,,old_data_unlabeled,unlabeled
114124_3615_w2FITC-C_1,,old_data_unlabeled,unlabeled
111124_3513_w2FITC-C_1,,old_data_unlabeled,unlabeled
041125_4785_w2FITC-C,0.0,06_VN_Cilen100,labeled
114124_3586_w2FITC-C_1,1.0,old_data,labeled
110624_3273_w2FITC-C_1,,old_data_unlabeled,unlabeled
110624_3274_w2FITC-C_1,0.0,old_data,labeled
114124_3604_w2FITC-C_2,0.0,old_data,labeled
110724_3443_w2FITC-C_1,,old_data_unlabeled,unlabeled
110724_3412_w2FITC-C_1,,old_data_unlabeled,unlabeled
040925_4662_w2FITC-C_1,0.0,02_VN,labeled
110624_3360_w2FITC-C_1,,old_data_unlabeled,unlabeled
114124_3588_w2FITC-C_1,,old_data_unlabeled,unlabeled
111124_3483_w2FITC-C_1,,old_data_unlabeled,unlabeled
111124_3505_w2FITC-C_1,2.0,old_data,labeled
114124_3579_w2FITC-C_1,0.0,old_data,labeled
110724_3463_w2FITC-C_1,,old_data_unlabeled,unlabeled
041225_4843_w2FITC-C_2,0.0,04_VN_P5D2,labeled
040925_4647_w2FITC-C,0.0,02_VN,labeled
040425_4559_w2FITC-C,0.0,03_FN_P5D2,labeled
012725_3746_w2FITC-C,0.0,01_FN,labeled
040425_4566_w2FITC-C,0.0,03_FN_P5D2,labeled
041125_4797_w2FITC-C_2,1.0,06_VN_Cilen100,labeled
111124_3508_w2FITC-C_1,0.0,old_data,labeled
012725_3755_w2FITC-C_1,1.0,01_FN,labeled
041225_4834_w2FITC-C_2,0.0,04_VN_P5D2,labeled
110624_3297_w2FITC-C_1,,old_data_unlabeled,unlabeled
041125_4779_w2FITC-C,2.0,06_VN_Cilen100,labeled
111124_3480_w2FITC-C_1,0.0,old_data,labeled
110624_3321_w2FITC-C_2,,old_data_unlabeled,unlabeled
110624_3310_w2FITC-C_2,,old_data_unlabeled,unlabeled
110724_3411_w2FITC-C_1,,old_data_unlabeled,unlabeled
041125_4776_w2FITC-C_1,0.0,06_VN_Cilen100,labeled
041125_4787_w2FITC-C,2.0,06_VN_Cilen100,labeled
013125_3836_w2FITC-C_1,2.0,02_VN,labeled
110624_3319_w2FITC-C_1,,old_data_unlabeled,unlabeled
111124_3477_w2FITC-C_1,,old_data_unlabeled,unlabeled
040225_4409_w2FITC-C,0.0,01_FN,labeled
041125_4798_w2FITC-C,1.0,06_VN_Cilen100,labeled
114124_3622_w2FITC-C_1,,old_data_unlabeled,unlabeled
114124_3642_w2FITC-C_1,,old_data_unlabeled,unlabeled
110724_3408_w2FITC-C_1,,old_data_unlabeled,unlabeled
040925_4643_w2FITC-C,1.0,02_VN,labeled
110624_3299_w2FITC-C_2,,old_data_unlabeled,unlabeled
110624_3288_w2FITC-C_1,1.0,old_data,labeled
040425_4568_w2FITC-C,2.0,03_FN_P5D2,labeled
114124_3639_w2FITC-C_1,,old_data_unlabeled,unlabeled
114124_3659_w2FITC-C_1,,old_data_unlabeled,unlabeled
111124_3511_w2FITC-C_3,,old_data_unlabeled,unlabeled
110624_3330_w2FITC-C_1,0.0,old_data,labeled
040225_4392_w2FITC-C,0.0,01_FN,labeled
114124_3660_w2FITC-C_1,0.0,old_data,labeled
041225_4834_w2FITC-C_1,0.0,04_VN_P5D2,labeled
040225_4390_w2FITC-C_1,0.0,01_FN,labeled
110724_3459_w2FITC-C_1,,old_data_unlabeled,unlabeled
040425_4554_w2FITC-C,0.0,05_FN_Cilen100,labeled
111124_3546_w2FITC-C_1,,old_data_unlabeled,unlabeled
110624_3322_w2FITC-C_1,0.0,old_data,labeled
114124_3592_w2FITC-C_2,1.0,old_data,labeled
110724_3448_w2FITC-C_1,,old_data_unlabeled,unlabeled
111124_3535_w2FITC-C_1,,old_data_unlabeled,unlabeled
041125_4789_w2FITC-C_2,1.0,06_VN_Cilen100,labeled
111124_3497_w2FITC-C_2,,old_data_unlabeled,unlabeled
040925_4657_w2FITC-C,2.0,02_VN,labeled
111124_3503_w2FITC-C_1,,old_data_unlabeled,unlabeled
012925_3831_w2FITC-C_1,0.0,02_VN,labeled
040425_4595_w2FITC-C_1,1.0,03_FN_P5D2,labeled
111124_3472_w2FITC-C_1,,old_data_unlabeled,unlabeled
114124_3589_w2FITC-C_1,,old_data_unlabeled,unlabeled
040225_4399_w2FITC-C_1,0.0,01_FN,labeled
110724_3463_w2FITC-C_2,0.0,old_data,labeled
110624_3325_w2FITC-C_1,,old_data_unlabeled,unlabeled
114124_3580_w2FITC-C_1,1.0,old_data,labeled
111124_3524_w2FITC-C_2,,old_data_unlabeled,unlabeled
040325_4533_w2FITC-C,0.0,05_FN_Cilen100,labeled
110724_3370_w2FITC-C_1,,old_data_unlabeled,unlabeled
041125_4807_w2FITC-C_1,1.0,06_VN_Cilen100,labeled
041225_4829_w2FITC-C,2.0,04_VN_P5D2,labeled
114124_3606_w2FITC-C_1,,old_data_unlabeled,unlabeled
114124_3667_w2FITC-C_1,,old_data_unlabeled,unlabeled
111124_3563_w2FITC-C_2,,old_data_unlabeled,unlabeled
040425_4574_w2FITC-C,0.0,03_FN_P5D2,labeled
111124_3566_w2FITC-C_2,,old_data_unlabeled,unlabeled
040325_4531_w2FITC-C,1.0,05_FN_Cilen100,labeled
012725_3748_w2FITC-C,0.0,01_FN,labeled
110724_3410_w2FITC-C_2,1.0,old_data,labeled
114124_3586_w2FITC-C_3,,old_data_unlabeled,unlabeled
110724_3429_w2FITC-C_1,0.0,old_data,labeled
012725_3763_w2FITC-C,1.0,01_FN,labeled
040925_4655_w2FITC-C,0.0,02_VN,labeled
114124_3572_w2FITC-C_2,,old_data_unlabeled,unlabeled
110624_3310_w2FITC-C_1,0.0,old_data,labeled
012725_3747_w2FITC-C,0.0,01_FN,labeled
110724_3438_w2FITC-C_1,,old_data_unlabeled,unlabeled
040425_4579_w2FITC-C,1.0,03_FN_P5D2,labeled
114124_3587_w2FITC-C_1,,old_data_unlabeled,unlabeled
114124_3585_w2FITC-C_1,,old_data_unlabeled,unlabeled
114124_3608_w2FITC-C_1,,old_data_unlabeled,unlabeled
013125_3838_w2FITC-C_2,2.0,02_VN,labeled
111124_3510_w2FITC-C_1,,old_data_unlabeled,unlabeled
041125_4775_w2FITC-C_1,0.0,06_VN_Cilen100,labeled
041125_4796_w2FITC-C,1.0,06_VN_Cilen100,labeled
114124_3636_w2FITC-C_1,0.0,old_data,labeled
110624_3321_w2FITC-C_1,,old_data_unlabeled,unlabeled
012725_3737_w2FITC-C_2,0.0,01_FN,labeled
111124_3504_w2FITC-C_1,2.0,old_data,labeled
110724_3468_w2FITC-C_1,,old_data_unlabeled,unlabeled
114124_3612_w2FITC-C_1,,old_data_unlabeled,unlabeled
110624_3313_w2FITC-C_1,,old_data_unlabeled,unlabeled
012725_3750_w2FITC-C,2.0,01_FN,labeled
114124_3610_w2FITC-C_1,,old_data_unlabeled,unlabeled
040325_4536_w2FITC-C,2.0,05_FN_Cilen100,labeled
114124_3651_w2FITC-C_1,,old_data_unlabeled,unlabeled
114124_3629_w2FITC-C_1,,old_data_unlabeled,unlabeled
110624_3336_w2FITC-C_1,,old_data_unlabeled,unlabeled
111124_3508_w2FITC-C_3,0.0,old_data,labeled
040425_4581_w2FITC-C,1.0,03_FN_P5D2,labeled
041125_4794_w2FITC-C,0.0,06_VN_Cilen100,labeled
040425_4544_w2FITC-C,0.0,05_FN_Cilen100,labeled
114124_3591_w2FITC-C_1,2.0,old_data,labeled
110624_3302_w2FITC-C_1,,old_data_unlabeled,unlabeled
110624_3303_w2FITC-C_1,,old_data_unlabeled,unlabeled
111124_3555_w2FITC-C_1,,old_data_unlabeled,unlabeled
110624_3287_w2FITC-C_1,,old_data_unlabeled,unlabeled
012925_3825_w2FITC-C_1,0.0,02_VN,labeled
114124_3634_w2FITC-C_1,,old_data_unlabeled,unlabeled
110624_3272_w2FITC-C_2,0.0,old_data,labeled
110724_3394_w2FITC-C_1,,old_data_unlabeled,unlabeled
040925_4650_w2FITC-C,0.0,02_VN,labeled
110724_3377_w2FITC-C_1,1.0,old_data,labeled
111124_3562_w2FITC-C_1,0.0,old_data,labeled
110624_3309_w2FITC-C_1,0.0,old_data,labeled
040225_4400_w2FITC-C_1,1.0,01_FN,labeled
114124_3666_w2FITC-C_1,2.0,old_data,labeled
040225_4403_w2FITC-C_2,0.0,01_FN,labeled
110624_3356_w2FITC-C_1,,old_data_unlabeled,unlabeled
114124_3581_w2FITC-C_1,2.0,old_data,labeled
114124_3647_w2FITC-C_1,,old_data_unlabeled,unlabeled
012725_3749_w2FITC-C,0.0,01_FN,labeled
012925_3828_w2FITC-C_1,0.0,02_VN,labeled
110724_3407_w2FITC-C_!,0.0,old_data,labeled
110724_3406_w2FITC-C_3,,old_data_unlabeled,unlabeled
111124_3511_w2FITC-C_!,,old_data_unlabeled,unlabeled
111124_3565_w2FITC-C_1,0.0,old_data,labeled
041225_4827_w2FITC-C,1.0,04_VN_P5D2,labeled
040425_4550_w2FITC-C_1,0.0,05_FN_Cilen100,labeled
041225_4852_w2FITC-C,0.0,04_VN_P5D2,labeled
110624_3276_w2FITC-C_1,,old_data_unlabeled,unlabeled
110724_3426_w2FITC-C_1,,old_data_unlabeled,unlabeled
114124_3594_w2FITC-C_1,,old_data_unlabeled,unlabeled
040225_4398_w2FITC-C,0.0,01_FN,labeled
114124_3570_w2FITC-C_1,,old_data_unlabeled,unlabeled
110724_3390_w2FITC-C_1,,old_data_unlabeled,unlabeled
110624_3292_w2FITC-C_1,1.0,old_data,labeled
012925_3829_w2FITC-C_2,2.0,02_VN,labeled
110724_3404_w2FITC-C_2,0.0,old_data,labeled
111124_3502_w2FITC-C_1,,old_data_unlabeled,unlabeled
110724_3449_w2FITC-C_1,,old_data_unlabeled,unlabeled
114124_3658_w2FITC-C_1,1.0,old_data,labeled
040425_4577_w2FITC-C_1,0.0,03_FN_P5D2,labeled
040425_4546_w2FITC-C,1.0,05_FN_Cilen100,labeled
012725_3743_w2FITC-C,1.0,01_FN,labeled
114124_3605_w2FITC-C_2,,old_data_unlabeled,unlabeled
041125_4806_w2FITC-C,0.0,06_VN_Cilen100,labeled
040425_4569_w2FITC-C,0.0,03_FN_P5D2,labeled
111124_3548_w2FITC-C_1,,old_data_unlabeled,unlabeled
041225_4814_w2FITC-C_1,1.0,04_VN_P5D2,labeled
111124_3506_w2FITC-C_1,,old_data_unlabeled,unlabeled
040425_4558_w2FITC-C,0.0,03_FN_P5D2,labeled
040425_4561_w2FITC-C,1.0,03_FN_P5D2,labeled
110624_3332_w2FITC-C_1,1.0,old_data,labeled
111124_3556_w2FITC-C_1,,old_data_unlabeled,unlabeled
041225_4818_w2FITC-C,0.0,04_VN_P5D2,labeled
040225_4405_w2FITC-C,0.0,01_FN,labeled
041225_4839_w2FITC-C,2.0,04_VN_P5D2,labeled
041125_4790_w2FITC-C,1.0,06_VN_Cilen100,labeled
111124_3475_w2FITC-C_1,,old_data_unlabeled,unlabeled
111124_3545_w2FITC-C_2,,old_data_unlabeled,unlabeled
040925_4662_w2FITC-C_2,0.0,02_VN,labeled
110724_3402_w2FITC-C_!,,old_data_unlabeled,unlabeled
110624_3298_w2FITC-C_1,,old_data_unlabeled,unlabeled
041125_4765_w2FITC-C,0.0,06_VN_Cilen100,labeled
110724_3384_w2FITC-C_1,,old_data_unlabeled,unlabeled
114124_3632_w2FITC-C_2,,old_data_unlabeled,unlabeled
040925_4656_w2FITC-C,0.0,02_VN,labeled
110624_3352_w2FITC-C_1,0.0,old_data,labeled
040425_4583_w2FITC-C,0.0,03_FN_P5D2,labeled
114124_3633_w2FITC-C_2,0.0,old_data,labeled
114124_3654_w2FITC-C_1,,old_data_unlabeled,unlabeled
110724_3380_w2FITC-C_1,,old_data_unlabeled,unlabeled
114124_3607_w2FITC-C_1,1.0,old_data,labeled
041225_4832_w2FITC-C,1.0,04_VN_P5D2,labeled
111124_3473_w2FITC-C_1,,old_data_unlabeled,unlabeled
110624_3359_w2FITC-C_1,2.0,old_data,labeled
110624_3351_w2FITC-C_2,,old_data_unlabeled,unlabeled
111124_3526_w2FITC-C_1,,old_data_unlabeled,unlabeled
114124_3655_w2FITC-C_1,,old_data_unlabeled,unlabeled
110724_3435_w2FITC-C_1,,old_data_unlabeled,unlabeled
041125_4763_w2FITC-C,1.0,06_VN_Cilen100,labeled
040425_4555_w2FITC-C,0.0,05_FN_Cilen100,labeled
111124_3485_w2FITC-C_1,,old_data_unlabeled,unlabeled
114124_3621_w2FITC-C_1,,old_data_unlabeled,unlabeled
110724_3373_w2FITC-C_1,,old_data_unlabeled,unlabeled
040425_4563_w2FITC-C_1,0.0,03_FN_P5D2,labeled
110724_3451_w2FITC-C_!,,old_data_unlabeled,unlabeled
040925_4639_w2FITC-C,0.0,02_VN,labeled
041225_4850_w2FITC-C,0.0,04_VN_P5D2,labeled
040325_4522_w2FITC-C_2,0.0,05_FN_Cilen100,labeled
110624_3344_w2FITC-C_2,,old_data_unlabeled,unlabeled
040225_4399_w2FITC-C_2,0.0,01_FN,labeled
041225_4817_w2FITC-C,0.0,04_VN_P5D2,labeled
110724_3414_w2FITC-C_1,1.0,old_data,labeled
110724_3437_w2FITC-C_1,,old_data_unlabeled,unlabeled
110724_3406_w2FITC-C_2,0.0,old_data,labeled
110724_3395_w2FITC-C_1,,old_data_unlabeled,unlabeled
012925_3827_w2FITC-C_1,0.0,02_VN,labeled
111124_3504_w2FITC-C_2,,old_data_unlabeled,unlabeled
111124_3482_w2FITC-C_1,,old_data_unlabeled,unlabeled
114124_3574_w2FITC-C_1,,old_data_unlabeled,unlabeled
110624_3272_w2FITC-C_1,,old_data_unlabeled,unlabeled
012725_3741_w2FITC-C_1,0.0,01_FN,labeled
040225_4401_w2FITC-C_1,1.0,01_FN,labeled
012725_3735_w2FITC-C_1,0.0,01_FN,labeled
114124_3601_w2FITC-C_1,,old_data_unlabeled,unlabeled
041125_4776_w2FITC-C_2,1.0,06_VN_Cilen100,labeled
110624_3364_w2FITC-C_1,,old_data_unlabeled,unlabeled
040425_4582_w2FITC-C,0.0,03_FN_P5D2,labeled
110724_3466_w2FITC-C_1,,old_data_unlabeled,unlabeled
111124_3515_w2FITC-C_2,,old_data_unlabeled,unlabeled
110724_3389_w2FITC-C_1,,old_data_unlabeled,unlabeled
111124_3484_w2FITC-C_1,,old_data_unlabeled,unlabeled
041225_4843_w2FITC-C_1,0.0,04_VN_P5D2,labeled
110724_3374_w2FITC-C_1,,old_data_unlabeled,unlabeled
114124_3593_w2FITC-C_1,,old_data_unlabeled,unlabeled
110624_3318_w2FITC-C_1,0.0,old_data,labeled
040325_4517_w2FITC-C,0.0,05_FN_Cilen100,labeled
040425_4545_w2FITC-C_2,1.0,05_FN_Cilen100,labeled
040325_4532_w2FITC-C,0.0,05_FN_Cilen100,labeled
111124_3559_w2FITC-C_1,,old_data_unlabeled,unlabeled
110724_3423_w2FITC-C_1,2.0,old_data,labeled
040425_4560_w2FITC-C_1,1.0,03_FN_P5D2,labeled
114124_3648_w2FITC-C_1,,old_data_unlabeled,unlabeled
110724_3417_w2FITC-C_1,,old_data_unlabeled,unlabeled
012925_3830_w2FITC-C_1,0.0,02_VN,labeled
114124_3653_w2FITC-C_1,,old_data_unlabeled,unlabeled
040325_4530_w2FITC-C,0.0,05_FN_Cilen100,labeled
110724_3415_w2FITC-C_1,1.0,old_data,labeled
040225_4419_w2FITC-C,0.0,01_FN,labeled
013125_3841_w2FITC-C_1,0.0,02_VN,labeled
110624_3335_w2FITC-C_1,,old_data_unlabeled,unlabeled
110724_3440_w2FITC-C_1,,old_data_unlabeled,unlabeled
040425_4584_w2FITC-C,0.0,03_FN_P5D2,labeled
041225_4816_w2FITC-C,0.0,04_VN_P5D2,labeled
110724_3432_w2FITC-C_1,1.0,old_data,labeled
041125_4802_w2FITC-C,2.0,06_VN_Cilen100,labeled
041225_4813_w2FITC-C,0.0,04_VN_P5D2,labeled
114124_3640_w2FITC-C_1,0.0,old_data,labeled
041125_4777_w2FITC-C,2.0,06_VN_Cilen100,labeled
110724_3420_w2FITC-C_1,,old_data_unlabeled,unlabeled
111124_3547_w2FITC-C_1,1.0,old_data,labeled
041225_4840_w2FITC-C_2,0.0,04_VN_P5D2,labeled
110624_3331_w2FITC-C_1,,old_data_unlabeled,unlabeled
110624_3279_w2FITC-C_1,,old_data_unlabeled,unlabeled
110624_3291_w2FITC-C_1,,old_data_unlabeled,unlabeled
111124_3554_w2FITC-C_1,,old_data_unlabeled,unlabeled
114124_3630_w2FITC-C_2,,old_data_unlabeled,unlabeled
041125_4768_w2FITC-C_2,0.0,06_VN_Cilen100,labeled
012925_3829_w2FITC-C_1,1.0,02_VN,labeled
041125_4803_w2FITC-C,1.0,06_VN_Cilen100,labeled
110724_3400_w2FITC-C_1,,old_data_unlabeled,unlabeled
110624_3338_w2FITC-C_1,,old_data_unlabeled,unlabeled
110624_3286_w2FITC-C_2,,old_data_unlabeled,unlabeled
041225_4854_w2FITC-C,2.0,04_VN_P5D2,labeled
110624_3314_w2FITC-C_1,,old_data_unlabeled,unlabeled
111124_3519_w2FITC-C_1,,old_data_unlabeled,unlabeled
110624_3361_w2FITC-C_1,,old_data_unlabeled,unlabeled
110624_3283_w2FITC-C_1,1.0,old_data,labeled
040425_4551_w2FITC-C,0.0,05_FN_Cilen100,labeled
110724_3455_w2FITC-C_2,,old_data_unlabeled,unlabeled
040225_4406_w2FITC-C_2,0.0,01_FN,labeled
041225_4837_w2FITC-C,1.0,04_VN_P5D2,labeled
040425_4575_w2FITC-C,0.0,03_FN_P5D2,labeled
110724_3433_w2FITC-C_1,,old_data_unlabeled,unlabeled
114124_3628_w2FITC-C_1,,old_data_unlabeled,unlabeled
110624_3368_w2FITC-C_1,,old_data_unlabeled,unlabeled
111124_3495_w2FITC-C_1,0.0,old_data,labeled
110624_3271_w2FITC-C_2,0.0,old_data,labeled
040325_4535_w2FITC-C,1.0,05_FN_Cilen100,labeled
040225_4391_w2FITC-C,0.0,01_FN,labeled
111124_3534_w2FITC-C_1,,old_data_unlabeled,unlabeled
111124_3558_w2FITC-C_1,1.0,old_data,labeled
040925_4653_w2FITC-C_1,0.0,02_VN,labeled
041225_4841_w2FITC-C,0.0,04_VN_P5D2,labeled
114124_3575_w2FITC-C_1,,old_data_unlabeled,unlabeled
111124_3516_w2FITC-C_1,,old_data_unlabeled,unlabeled
041125_4795_w2FITC-C,1.0,06_VN_Cilen100,labeled
013125_3833_w2FITC-C_1,0.0,02_VN,labeled
040925_4645_w2FITC-C,0.0,02_VN,labeled
012925_3814_w2FITC-C,0.0,02_VN,labeled
040925_4660_w2FITC-C,2.0,02_VN,labeled
110724_3386_w2FITC-C_1,,old_data_unlabeled,unlabeled
012725_3753_w2FITC-C_1,0.0,01_FN,labeled
041225_4823_w2FITC-C,2.0,04_VN_P5D2,labeled
012725_3756_w2FITC-C,1.0,01_FN,labeled
041125_4799_w2FITC-C-1,1.0,06_VN_Cilen100,labeled
040325_4518_w2FITC-C_2,0.0,05_FN_Cilen100,labeled
041125_4766_w2FITC-C,0.0,06_VN_Cilen100,labeled
114124_3616_w2FITC-C_1,,old_data_unlabeled,unlabeled
040925_4640_w2FITC-C_1,0.0,02_VN,labeled
114124_3600_w2FITC-C_1,,old_data_unlabeled,unlabeled
110724_3441_w2FITC-C_1,2.0,old_data,labeled
072225_6896_w2FITC-C,,data_nov,unlabeled
062725_6035_w2FITC-C,,data_nov,unlabeled
091525_7671_w2FITC-C_2,,data_nov,unlabeled
091725_7931_w2FITC-C_2,,data_nov,unlabeled
091625_7764_w2FITC-C,,data_nov,unlabeled
091725_7860_w2FITC-C,,data_nov,unlabeled
091825_7961_w2FITC-C,,data_nov,unlabeled
091525_7659_w2FITC-C,,data_nov,unlabeled
091625_7741_w2FITC-C,,data_nov,unlabeled
072525_7101_w2FITC-C_1,,data_nov,unlabeled
091725_7926_w2FITC-C,,data_nov,unlabeled
072525_7095_w2FITC-C_2,,data_nov,unlabeled
091525_7714_w2FITC-C_2,,data_nov,unlabeled
072525_7098_w2FITC-C_2,,data_nov,unlabeled
081925_7383_w2FITC-C,,data_nov,unlabeled
072225_6908_w2FITC-C,,data_nov,unlabeled
091825_7982_w2FITC-C,,data_nov,unlabeled
091725_7897_w2FITC-C,,data_nov,unlabeled
081925_7382_w2FITC-C,,data_nov,unlabeled
091625_7746_w2FITC-C_2,,data_nov,unlabeled
091525_7641_w2FITC-C,,data_nov,unlabeled
091625_7768_w2FITC-C_1,,data_nov,unlabeled
091825_7956_w2FITC-C,,data_nov,unlabeled
090125_7529_w2FITC-C,,data_nov,unlabeled
090125_7549_w2FITC-C,,data_nov,unlabeled
091725_7838_w2FITC-C,,data_nov,unlabeled
091525_7707_w2FITC-C,,data_nov,unlabeled
091725_7857_w2FITC-C,,data_nov,unlabeled
081925_7359_w2FITC-C,,data_nov,unlabeled
081825_7148_w2FITC-C,,data_nov,unlabeled
090125_7494_w2FITC-C_1,,data_nov,unlabeled
091825_7991_w2FITC-C,,data_nov,unlabeled
091625_7730_w2FITC-C,,data_nov,unlabeled
090125_7577_w2FITC-C,,data_nov,unlabeled
090125_7530_w2FITC-C,,data_nov,unlabeled
072225_6879_w2FITC-C,,data_nov,unlabeled
072225_6880_w2FITC-C,,data_nov,unlabeled
091525_7691_w2FITC-C_2,,data_nov,unlabeled
091825_7948_w2FITC-C_1,,data_nov,unlabeled
072225_6874_w2FITC-C,,data_nov,unlabeled
091725_7859_w2FITC-C,,data_nov,unlabeled
091825_8017_w2FITC-C,,data_nov,unlabeled
091825_7972_w2FITC-C,,data_nov,unlabeled
090125_7523_w2FITC-C,,data_nov,unlabeled
090125_7510_w2FITC-C,,data_nov,unlabeled
091725_7834_w2FITC-C_1,,data_nov,unlabeled
091525_7664_w2FITC-C_1,,data_nov,unlabeled
062825_6234_w2FITC-C,,data_nov,unlabeled
091525_7611_w2FITC-C,,data_nov,unlabeled
090125_7540_w2FITC-C_1,,data_nov,unlabeled
062825_6242_w2FITC-C_2,,data_nov,unlabeled
062825_6245_w2FITC-C,,data_nov,unlabeled
091725_7920_w2FITC-C,,data_nov,unlabeled
091725_7850_w2FITC-C_2,,data_nov,unlabeled
090125_7497_w2FITC-C,,data_nov,unlabeled
091825_8018_w2FITC-C,,data_nov,unlabeled
091525_7595_w2FITC-C,,data_nov,unlabeled
091525_7599_w2FITC-C,,data_nov,unlabeled
091825_7981_w2FITC-C,,data_nov,unlabeled
091625_7775_w2FITC-C_2,,data_nov,unlabeled
091725_7874_w2FITC-C,,data_nov,unlabeled
062725_6056_w2FITC-C,,data_nov,unlabeled
091525_7645_w2FITC-C,,data_nov,unlabeled
062725_6045_w2FITC-C,,data_nov,unlabeled
091625_7766_w2FITC-C_1,,data_nov,unlabeled
091825_7974_w2FITC-C_2,,data_nov,unlabeled
090125_7569_w2FITC-C_2,,data_nov,unlabeled
090125_7516_w2FITC-C,,data_nov,unlabeled
072525_7097_w2FITC-C,,data_nov,unlabeled
091625_7767_w2FITC-C,,data_nov,unlabeled
062825_6235_w2FITC-C,,data_nov,unlabeled
091525_7654_w2FITC-C,,data_nov,unlabeled
062725_6048_w2FITC-C,,data_nov,unlabeled
062825_6238_w2FITC-C,,data_nov,unlabeled
091525_7623_w2FITC-C_2,,data_nov,unlabeled
091525_7705_w2FITC-C,,data_nov,unlabeled
091625_7742_w2FITC-C,,data_nov,unlabeled
091825_8019_w2FITC-C,,data_nov,unlabeled
091825_7954_w2FITC-C_2,,data_nov,unlabeled
081925_7366_w2FITC-C,,data_nov,unlabeled
091825_7971_w2FITC-C_2,,data_nov,unlabeled
091525_7665_w2FITC-C,,data_nov,unlabeled
090125_7483_w2FITC-C,,data_nov,unlabeled
091525_7652_w2FITC-C,,data_nov,unlabeled
091525_7646_w2FITC-C_2,,data_nov,unlabeled
072225_6878_w2FITC-C_2,,data_nov,unlabeled
091525_7663_w2FITC-C,,data_nov,unlabeled
062825_6217_w2FITC-C,,data_nov,unlabeled
091625_7734_w2FITC-C,,data_nov,unlabeled
091725_7927_w2FITC-C_1,,data_nov,unlabeled
091525_7699_w2FITC-C,,data_nov,unlabeled
081925_7352_w2FITC-C,,data_nov,unlabeled
091725_7935_w2FITC-C,,data_nov,unlabeled
081825_7169_w2FITC-C_2,,data_nov,unlabeled
091525_7690_w2FITC-C_1,,data_nov,unlabeled
081825_7159_w2FITC-C,,data_nov,unlabeled
090125_7561_w2FITC-C,,data_nov,unlabeled
090125_7494_w2FITC-C_2,,data_nov,unlabeled
091825_7970_w2FITC-C,,data_nov,unlabeled
081925_7373_w2FITC-C,,data_nov,unlabeled
091725_7861_w2FITC-C_2,,data_nov,unlabeled
062725_6049_w2FITC-C_3,,data_nov,unlabeled
091825_7952_w2FITC-C,,data_nov,unlabeled
091625_7789_w2FITC-C_2,,data_nov,unlabeled
091725_7853_w2FITC-C,,data_nov,unlabeled
091725_7924_w2FITC-C_1,,data_nov,unlabeled
072525_7079_w2FITC-C,,data_nov,unlabeled
091725_7883_w2FITC-C,,data_nov,unlabeled
091725_7884_w2FITC-C,,data_nov,unlabeled
072225_6902_w2FITC-C,,data_nov,unlabeled
091725_7868_w2FITC-C,,data_nov,unlabeled
091625_7735_w2FITC-C,,data_nov,unlabeled
091525_7664_w2FITC-C_2,,data_nov,unlabeled
091525_7713_w2FITC-C,,data_nov,unlabeled
091625_7787_w2FITC-C,,data_nov,unlabeled
091625_7716_w2FITC-C_2,,data_nov,unlabeled
091725_7940_w2FITC-C,,data_nov,unlabeled
081925_7344_w2FITC-C,,data_nov,unlabeled
091525_7633_w2FITC-C_2,,data_nov,unlabeled
072525_7090_w2FITC-C,,data_nov,unlabeled
072525_7068_w2FITC-C,,data_nov,unlabeled
090125_7524_w2FITC-C,,data_nov,unlabeled
090125_7544_w2FITC-C,,data_nov,unlabeled
072525_7087_w2FITC-C_1,,data_nov,unlabeled
091725_7809_w2FITC-C,,data_nov,unlabeled
090125_7532_w2FITC-C,,data_nov,unlabeled
091525_7601_w2FITC-C,,data_nov,unlabeled
091625_7743_w2FITC-C_1,,data_nov,unlabeled
091825_7954_w2FITC-C_1,,data_nov,unlabeled
072225_6873_w2FITC-C,,data_nov,unlabeled
091525_7697_w2FITC-C_2,,data_nov,unlabeled
072525_7076_w2FITC-C_1,,data_nov,unlabeled
091525_7607_w2FITC-C,,data_nov,unlabeled
091625_7718_w2FITC-C_3,,data_nov,unlabeled
091725_7896_w2FITC-C,,data_nov,unlabeled
090125_7503_w2FITC-C_1,,data_nov,unlabeled
091825_8008_w2FITC-C,,data_nov,unlabeled
091725_7827_w2FITC-C,,data_nov,unlabeled
091725_7905_w2FITC-C_2,,data_nov,unlabeled
091825_7976_w2FITC-C_1,,data_nov,unlabeled
091525_7685_w2FITC-C_1,,data_nov,unlabeled
081925_7341_w2FITC-C,,data_nov,unlabeled
090125_7555_w2FITC-C,,data_nov,unlabeled
081825_7149_w2FITC-C,,data_nov,unlabeled
091625_7782_w2FITC-C,,data_nov,unlabeled
091725_7820_w2FITC-C,,data_nov,unlabeled
091725_7865_w2FITC-C,,data_nov,unlabeled
072225_6881_w2FITC-C_2,,data_nov,unlabeled
081825_7183_w2FITC-C,,data_nov,unlabeled
091825_7978_w2FITC-C,,data_nov,unlabeled
090125_7573_w2FITC-C_2,,data_nov,unlabeled
072225_6899_w2FITC-C,,data_nov,unlabeled
091725_7811_w2FITC-C,,data_nov,unlabeled
062825_6227_w2FITC-C_3,,data_nov,unlabeled
072225_6872_w2FITC-C_2,,data_nov,unlabeled
091725_7888_w2FITC-C_2,,data_nov,unlabeled
091525_7593_w2FITC-C,,data_nov,unlabeled
091825_7983_w2FITC-C,,data_nov,unlabeled
081825_7177_w2FITC-C,,data_nov,unlabeled
091725_7898_w2FITC-C,,data_nov,unlabeled
091525_7587_w2FITC-C,,data_nov,unlabeled
091525_7605_w2FITC-C,,data_nov,unlabeled
091525_7632_w2FITC-C,,data_nov,unlabeled
091825_7963_w2FITC-C,,data_nov,unlabeled
062825_6215_w2FITC-C_1,,data_nov,unlabeled
091525_7697_w2FITC-C_1,,data_nov,unlabeled
072525_7072_w2FITC-C,,data_nov,unlabeled
081925_7345_w2FITC-C,,data_nov,unlabeled
090125_7508_w2FITC-C,,data_nov,unlabeled
091725_7832_w2FITC-C_2,,data_nov,unlabeled
090125_7546_w2FITC-C,,data_nov,unlabeled
090125_7552_w2FITC-C,,data_nov,unlabeled
091725_7864_w2FITC-C,,data_nov,unlabeled
091525_7617_w2FITC-C,,data_nov,unlabeled
091525_7646_w2FITC-C_1,,data_nov,unlabeled
091725_7846_w2FITC-C,,data_nov,unlabeled
072525_7080_w2FITC-C,,data_nov,unlabeled
062725_6052_w2FITC-C,,data_nov,unlabeled
091525_7649_w2FITC-C_2,,data_nov,unlabeled
072225_6913_w2FITC-C,,data_nov,unlabeled
062825_6211_w2FITC-C,,data_nov,unlabeled
091725_7831_w2FITC-C,,data_nov,unlabeled
062725_6070_w2FITC-C_1,,data_nov,unlabeled
090125_7521_w2FITC-C,,data_nov,unlabeled
072225_6909_w2FITC-C,,data_nov,unlabeled
090125_7541_w2FITC-C,,data_nov,unlabeled
072225_6881_w2FITC-C_1,,data_nov,unlabeled
090125_7528_w2FITC-C,,data_nov,unlabeled
090125_7509_w2FITC-C,,data_nov,unlabeled
081825_7192_w2FITC-C,,data_nov,unlabeled
091825_8032_w2FITC-C_1,,data_nov,unlabeled
091725_7852_w2FITC-C,,data_nov,unlabeled
091625_7721_w2FITC-C,,data_nov,unlabeled
072225_6886_w2FITC-C_1,,data_nov,unlabeled
081925_7351_w2FITC-C,,data_nov,unlabeled
072525_7075_w2FITC-C,,data_nov,unlabeled
091725_7848_w2FITC-C,,data_nov,unlabeled
091525_7583_w2FITC-C_2,,data_nov,unlabeled
062825_6243_w2FITC-C,,data_nov,unlabeled
081925_7353_w2FITC-C,,data_nov,unlabeled
091725_7911_w2FITC-C_2,,data_nov,unlabeled
091725_7842_w2FITC-C,,data_nov,unlabeled
091825_8031_w2FITC-C,,data_nov,unlabeled
081925_7348_w2FITC-C,,data_nov,unlabeled
091725_7829_w2FITC-C,,data_nov,unlabeled
091725_7924_w2FITC-C_2,,data_nov,unlabeled
062725_6039_w2FITC-C_2,,data_nov,unlabeled
091825_8013_w2FITC-C,,data_nov,unlabeled
091625_7736_w2FITC-C_2,,data_nov,unlabeled
062725_6073_w2FITC-C_1,,data_nov,unlabeled
091525_7687_w2FITC-C,,data_nov,unlabeled
091725_7854_w2FITC-C,,data_nov,unlabeled
090125_7533_w2FITC-C_2,,data_nov,unlabeled
091725_7930_w2FITC-C,,data_nov,unlabeled
081825_7193_w2FITC-C,,data_nov,unlabeled
072525_7064_w2FITC-C_2,,data_nov,unlabeled
091525_7714_w2FITC-C_1,,data_nov,unlabeled
091625_7789_w2FITC-C_1,,data_nov,unlabeled
072225_6911_w2FITC-C,,data_nov,unlabeled
091725_7880_w2FITC-C,,data_nov,unlabeled
062825_6242_w2FITC-C_1,,data_nov,unlabeled
091825_7945_w2FITC-C_1,,data_nov,unlabeled
072525_7088_w2FITC-C,,data_nov,unlabeled
091825_7965_w2FITC-C,,data_nov,unlabeled
091525_7661_w2FITC-C_1,,data_nov,unlabeled
072525_7071_w2FITC-C,,data_nov,unlabeled
091625_7723_w2FITC-C,,data_nov,unlabeled
091625_7738_w2FITC-C,,data_nov,unlabeled
091525_7608_w2FITC-C,,data_nov,unlabeled
091525_7701_w2FITC-C,,data_nov,unlabeled
091625_7737_w2FITC-C,,data_nov,unlabeled
091825_8012_w2FITC-C_2,,data_nov,unlabeled
091625_7770_w2FITC-C_1,,data_nov,unlabeled
091725_7904_w2FITC-C_1,,data_nov,unlabeled
090125_7525_w2FITC-C,,data_nov,unlabeled
090125_7545_w2FITC-C,,data_nov,unlabeled
091625_7720_w2FITC-C_2,,data_nov,unlabeled
091525_7643_w2FITC-C,,data_nov,unlabeled
091725_7882_w2FITC-C,,data_nov,unlabeled
062725_6061_w2FITC-C_1,,data_nov,unlabeled
072525_7086_w2FITC-C,,data_nov,unlabeled
090125_7569_w2FITC-C_1,,data_nov,unlabeled
062725_6039_w2FITC-C_1,,data_nov,unlabeled
091525_7695_w2FITC-C,,data_nov,unlabeled
091825_7984_w2FITC-C,,data_nov,unlabeled
091725_7873_w2FITC-C,,data_nov,unlabeled
091825_7997_w2FITC-C,,data_nov,unlabeled
091825_8030_w2FITC-C,,data_nov,unlabeled
091725_7890_w2FITC-C,,data_nov,unlabeled
091525_7690_w2FITC-C_2,,data_nov,unlabeled
091525_7616_w2FITC-C_2,,data_nov,unlabeled
062725_6070_w2FITC-C_2,,data_nov,unlabeled
091625_7791_w2FITC-C,,data_nov,unlabeled
081825_7158_w2FITC-C,,data_nov,unlabeled
090125_7503_w2FITC-C_2,,data_nov,unlabeled
091825_7998_w2FITC-C_1,,data_nov,unlabeled
081825_7173_w2FITC-C,,data_nov,unlabeled
072225_6914_w2FITC-C_1,,data_nov,unlabeled
091625_7747_w2FITC-C_2,,data_nov,unlabeled
091525_7684_w2FITC-C_1,,data_nov,unlabeled
091625_7780_w2FITC-C,,data_nov,unlabeled
091725_7844_w2FITC-C_2,,data_nov,unlabeled
091525_7613_w2FITC-C,,data_nov,unlabeled
091625_7719_w2FITC-C,,data_nov,unlabeled
090125_7559_w2FITC-C_2,,data_nov,unlabeled
091525_7629_w2FITC-C,,data_nov,unlabeled
072525_7074_w2FITC-C,,data_nov,unlabeled
062825_6232_w2FITC-C,,data_nov,unlabeled
081825_7164_w2FITC-C,,data_nov,unlabeled
091625_7720_w2FITC-C_1,,data_nov,unlabeled
091725_7867_w2FITC-C,,data_nov,unlabeled
091725_7871_w2FITC-C,,data_nov,unlabeled
062825_6222_w2FITC-C,,data_nov,unlabeled
062725_6068_w2FITC-C_2,,data_nov,unlabeled
072525_7093_w2FITC-C,,data_nov,unlabeled
091525_7668_w2FITC-C,,data_nov,unlabeled
090125_7574_w2FITC-C,,data_nov,unlabeled
081925_7375_w2FITC-C_1,,data_nov,unlabeled
091725_7824_w2FITC-C,,data_nov,unlabeled
091725_7869_w2FITC-C,,data_nov,unlabeled
091625_7795_w2FITC-C,,data_nov,unlabeled
091625_7785_w2FITC-C,,data_nov,unlabeled
091825_8001_w2FITC-C,,data_nov,unlabeled
090125_7517_w2FITC-C,,data_nov,unlabeled
062825_6225_w2FITC-C,,data_nov,unlabeled
091525_7621_w2FITC-C,,data_nov,unlabeled
091725_7933_w2FITC-C_1,,data_nov,unlabeled
091825_8025_w2FITC-C,,data_nov,unlabeled
072225_6907_w2FITC-C_1,,data_nov,unlabeled
091625_7752_w2FITC-C,,data_nov,unlabeled
091825_8000_w2FITC-C,,data_nov,unlabeled
072525_7100_w2FITC-C,,data_nov,unlabeled
091725_7888_w2FITC-C_1,,data_nov,unlabeled
090125_7511_w2FITC-C,,data_nov,unlabeled
090125_7484_w2FITC-C,,data_nov,unlabeled
091525_7597_w2FITC-C_1,,data_nov,unlabeled
090125_7486_w2FITC-C,,data_nov,unlabeled
091525_7708_w2FITC-C,,data_nov,unlabeled
091525_7589_w2FITC-C,,data_nov,unlabeled
091825_8029_w2FITC-C_2,,data_nov,unlabeled
072525_7082_w2FITC-C_2,,data_nov,unlabeled
091625_7717_w2FITC-C_2,,data_nov,unlabeled
072225_6897_w2FITC-C,,data_nov,unlabeled
081825_7186_w2FITC-C,,data_nov,unlabeled
072225_6877_w2FITC-C,,data_nov,unlabeled
091625_7754_w2FITC-C,,data_nov,unlabeled
072225_6870_w2FITC-C,,data_nov,unlabeled
091825_8006_w2FITC-C,,data_nov,unlabeled
091525_7591_w2FITC-C,,data_nov,unlabeled
091725_7835_w2FITC-C,,data_nov,unlabeled
091525_7682_w2FITC-C,,data_nov,unlabeled
091725_7931_w2FITC-C_1,,data_nov,unlabeled
072225_6894_w2FITC-C,,data_nov,unlabeled
090125_7492_w2FITC-C,,data_nov,unlabeled
072525_7099_w2FITC-C,,data_nov,unlabeled
091725_7929_w2FITC-C,,data_nov,unlabeled
081825_7180_w2FITC-C_2,,data_nov,unlabeled
081825_7162_w2FITC-C_1,,data_nov,unlabeled
091625_7800_w2FITC-C,,data_nov,unlabeled
072525_7089_w2FITC-C_1,,data_nov,unlabeled
091725_7839_w2FITC-C,,data_nov,unlabeled
091825_7957_w2FITC-C,,data_nov,unlabeled
062725_6055_w2FITC-C_1,,data_nov,unlabeled
091725_7841_w2FITC-C_2,,data_nov,unlabeled
091725_7840_w2FITC-C,,data_nov,unlabeled
062825_6214_w2FITC-C,,data_nov,unlabeled
062825_6247_w2FITC-C,,data_nov,unlabeled
081925_7354_w2FITC-C,,data_nov,unlabeled
072525_7078_w2FITC-C,,data_nov,unlabeled
062725_6051_w2FITC-C,,data_nov,unlabeled
062825_6229_w2FITC-C_1,,data_nov,unlabeled
090125_7550_w2FITC-C,,data_nov,unlabeled
081925_7375_w2FITC-C_2,,data_nov,unlabeled
062725_6037_w2FITC-C,,data_nov,unlabeled
091725_7851_w2FITC-C_1,,data_nov,unlabeled
062725_6069_w2FITC-C,,data_nov,unlabeled
091725_7821_w2FITC-C,,data_nov,unlabeled
081925_7360_w2FITC-C,,data_nov,unlabeled
091725_7858_w2FITC-C,,data_nov,unlabeled
081825_7184_w2FITC-C,,data_nov,unlabeled
091525_7677_w2FITC-C,,data_nov,unlabeled
062825_6220_w2FITC-C_1,,data_nov,unlabeled
090125_7518_w2FITC-C,,data_nov,unlabeled
091725_7904_w2FITC-C_2,,data_nov,unlabeled
090125_7563_w2FITC-C_1,,data_nov,unlabeled
091625_7725_w2FITC-C,,data_nov,unlabeled
091525_7648_w2FITC-C,,data_nov,unlabeled
072525_7057_w2FITC-C,,data_nov,unlabeled
091625_7766_w2FITC-C_2,,data_nov,unlabeled
091725_7815_w2FITC-C,,data_nov,unlabeled
072225_6910_w2FITC-C,,data_nov,unlabeled
091625_7718_w2FITC-C_2,,data_nov,unlabeled
091525_7662_w2FITC-C,,data_nov,unlabeled
090125_7572_w2FITC-C_2,,data_nov,unlabeled
072225_6878_w2FITC-C_1,,data_nov,unlabeled
091825_7947_w2FITC-C,,data_nov,unlabeled
091725_7851_w2FITC-C_2,,data_nov,unlabeled
091525_7583_w2FITC-C_1,,data_nov,unlabeled
090125_7536_w2FITC-C,,data_nov,unlabeled
091525_7675_w2FITC-C,,data_nov,unlabeled
091825_7950_w2FITC-C,,data_nov,unlabeled
091525_7711_w2FITC-C,,data_nov,unlabeled
091525_7673_w2FITC-C,,data_nov,unlabeled
091525_7638_w2FITC-C,,data_nov,unlabeled
072225_6883_w2FITC-C,,data_nov,unlabeled
081825_7165_w2FITC-C,,data_nov,unlabeled
091525_7596_w2FITC-C_1,,data_nov,unlabeled
072225_6914_w2FITC-C_2,,data_nov,unlabeled
091625_7732_w2FITC-C,,data_nov,unlabeled
072225_6912_w2FITC-C_1,,data_nov,unlabeled
090125_7547_w2FITC-C,,data_nov,unlabeled
090125_7553_w2FITC-C,,data_nov,unlabeled
090125_7519_w2FITC-C,,data_nov,unlabeled
090125_7539_w2FITC-C,,data_nov,unlabeled
090125_7565_w2FITC-C,,data_nov,unlabeled
091525_7644_w2FITC-C,,data_nov,unlabeled
091625_7798_w2FITC-C,,data_nov,unlabeled
081825_7179_w2FITC-C,,data_nov,unlabeled
091525_7655_w2FITC-C,,data_nov,unlabeled
072525_7063_w2FITC-C,,data_nov,unlabeled
072525_7084_w2FITC-C_2,,data_nov,unlabeled
091625_7743_w2FITC-C_2,,data_nov,unlabeled
062725_6046_w2FITC-C,,data_nov,unlabeled
062725_6071_w2FITC-C,,data_nov,unlabeled
090125_7570_w2FITC-C_2,,data_nov,unlabeled
090125_7567_w2FITC-C_2,,data_nov,unlabeled
090125_7512_w2FITC-C,,data_nov,unlabeled
091625_7758_w2FITC-C_2,,data_nov,unlabeled
091525_7676_w2FITC-C_1,,data_nov,unlabeled
062825_6246_w2FITC-C,,data_nov,unlabeled
081925_7363_w2FITC-C,,data_nov,unlabeled
091725_7917_w2FITC-C,,data_nov,unlabeled
091825_8033_w2FITC-C,,data_nov,unlabeled
062825_6218_w2FITC-C_2,,data_nov,unlabeled
081925_7367_w2FITC-C,,data_nov,unlabeled
091725_7819_w2FITC-C,,data_nov,unlabeled
081825_7176_w2FITC-C_1,,data_nov,unlabeled
062825_6226_w2FITC-C,,data_nov,unlabeled
090125_7495_w2FITC-C,,data_nov,unlabeled
090125_7487_w2FITC-C,,data_nov,unlabeled
091825_7948_w2FITC-C_2,,data_nov,unlabeled
062825_6239_w2FITC-C,,data_nov,unlabeled
091825_8024_w2FITC-C_1,,data_nov,unlabeled
091725_7906_w2FITC-C_1,,data_nov,unlabeled
081925_7364_w2FITC-C,,data_nov,unlabeled
091725_7895_w2FITC-C_2,,data_nov,unlabeled
091525_7626_w2FITC-C_1,,data_nov,unlabeled
091825_8032_w2FITC-C_2,,data_nov,unlabeled
072225_6876_w2FITC-C,,data_nov,unlabeled
072225_6901_w2FITC-C,,data_nov,unlabeled
090125_7498_w2FITC-C,,data_nov,unlabeled
091625_7801_w2FITC-C_4,,data_nov,unlabeled
091725_7843_w2FITC-C,,data_nov,unlabeled
091825_8010_w2FITC-C_2,,data_nov,unlabeled
081925_7384_w2FITC-C,,data_nov,unlabeled
091625_7792_w2FITC-C,,data_nov,unlabeled
091725_7894_w2FITC-C,,data_nov,unlabeled
062825_6227_w2FITC-C_1,,data_nov,unlabeled
091825_7980_w2FITC-C,,data_nov,unlabeled
090125_7554_w2FITC-C_1,,data_nov,unlabeled
091625_7793_w2FITC-C_3,,data_nov,unlabeled
091525_7631_w2FITC-C,,data_nov,unlabeled
072225_6885_w2FITC-C_1,,data_nov,unlabeled
091825_8014_w2FITC-C,,data_nov,unlabeled
081825_7152_w2FITC-C,,data_nov,unlabeled
091525_7615_w2FITC-C,,data_nov,unlabeled
090125_7540_w2FITC-C_2,,data_nov,unlabeled
091525_7597_w2FITC-C_2,,data_nov,unlabeled
091625_7716_w2FITC-C_1,,data_nov,unlabeled
091525_7651_w2FITC-C,,data_nov,unlabeled
091825_8009_w2FITC-C,,data_nov,unlabeled
072525_7077_w2FITC-C,,data_nov,unlabeled
081925_7370_w2FITC-C,,data_nov,unlabeled
091825_7945_w2FITC-C_2,,data_nov,unlabeled
091525_7676_w2FITC-C_2,,data_nov,unlabeled
091625_7801_w2FITC-C_2,,data_nov,unlabeled
072225_6900_w2FITC-C,,data_nov,unlabeled
081825_7166_w2FITC-C,,data_nov,unlabeled
081825_7153_w2FITC-C,,data_nov,unlabeled
072225_6872_w2FITC-C_1,,data_nov,unlabeled
091525_7678_w2FITC-C,,data_nov,unlabeled
081925_7369_w2FITC-C,,data_nov,unlabeled
091525_7693_w2FITC-C_2,,data_nov,unlabeled
090125_7578_w2FITC-C,,data_nov,unlabeled
081925_7346_w2FITC-C,,data_nov,unlabeled
091725_7885_w2FITC-C,,data_nov,unlabeled
091725_7886_w2FITC-C,,data_nov,unlabeled
072225_6886_w2FITC-C_2,,data_nov,unlabeled
091825_7987_w2FITC-C,,data_nov,unlabeled
091825_7999_w2FITC-C_1,,data_nov,unlabeled
090125_7485_w2FITC-C,,data_nov,unlabeled
062725_6044_w2FITC-C,,data_nov,unlabeled
081925_7374_w2FITC-C,,data_nov,unlabeled
091525_7627_w2FITC-C,,data_nov,unlabeled
072525_7089_w2FITC-C_2,,data_nov,unlabeled
062725_6033_w2FITC-C,,data_nov,unlabeled
091825_7958_w2FITC-C,,data_nov,unlabeled
090125_7568_w2FITC-C_1,,data_nov,unlabeled
091725_7887_w2FITC-C,,data_nov,unlabeled
091825_7966_w2FITC-C,,data_nov,unlabeled
062725_6073_w2FITC-C_3,,data_nov,unlabeled
072225_6871_w2FITC-C,,data_nov,unlabeled
091725_7928_w2FITC-C_1,,data_nov,unlabeled
072525_7085_w2FITC-C,,data_nov,unlabeled
062825_6223_w2FITC-C_1,,data_nov,unlabeled
062825_6227_w2FITC-C_2,,data_nov,unlabeled
091625_7778_w2FITC-C,,data_nov,unlabeled
091825_7943_w2FITC-C,,data_nov,unlabeled
091525_7604_w2FITC-C,,data_nov,unlabeled
091525_7706_w2FITC-C,,data_nov,unlabeled
091525_7658_w2FITC-C,,data_nov,unlabeled
091725_7889_w2FITC-C,,data_nov,unlabeled
090125_7559_w2FITC-C_1,,data_nov,unlabeled
072525_7087_w2FITC-C_2,,data_nov,unlabeled
091725_7856_w2FITC-C,,data_nov,unlabeled
072525_7059_w2FITC-C,,data_nov,unlabeled
072225_6885_w2FITC-C_2,,data_nov,unlabeled
062825_6223_w2FITC-C_2,,data_nov,unlabeled
062725_6041_w2FITC-C_2,,data_nov,unlabeled
090125_7548_w2FITC-C,,data_nov,unlabeled
090125_7566_w2FITC-C,,data_nov,unlabeled
091525_7580_w2FITC-C,,data_nov,unlabeled
091825_7992_w2FITC-C_1,,data_nov,unlabeled
091525_7602_w2FITC-C,,data_nov,unlabeled
062725_6054_w2FITC-C,,data_nov,unlabeled
091725_7899_w2FITC-C,,data_nov,unlabeled
091725_7881_w2FITC-C,,data_nov,unlabeled
081825_7175_w2FITC-C,,data_nov,unlabeled
091525_7656_w2FITC-C,,data_nov,unlabeled
081925_7356_w2FITC-C,,data_nov,unlabeled
091825_8029_w2FITC-C_1,,data_nov,unlabeled
091825_7988_w2FITC-C,,data_nov,unlabeled
081825_7176_w2FITC-C_2,,data_nov,unlabeled
091625_7774_w2FITC-C,,data_nov,unlabeled
081925_7380_w2FITC-C,,data_nov,unlabeled
062725_6059_w2FITC-C,,data_nov,unlabeled
090125_7513_w2FITC-C,,data_nov,unlabeled
081825_7170_w2FITC-C,,data_nov,unlabeled
091525_7626_w2FITC-C_2,,data_nov,unlabeled
091625_7736_w2FITC-C_1,,data_nov,unlabeled
091625_7763_w2FITC-C,,data_nov,unlabeled
091525_7616_w2FITC-C_1,,data_nov,unlabeled
091625_7746_w2FITC-C_1,,data_nov,unlabeled
091525_7714_w2FITC-C_3,,data_nov,unlabeled
091725_7933_w2FITC-C_2,,data_nov,unlabeled
091625_7784_w2FITC-C_1,,data_nov,unlabeled
091625_7777_w2FITC-C,,data_nov,unlabeled
062725_6055_w2FITC-C_2,,data_nov,unlabeled
090125_7573_w2FITC-C_1,,data_nov,unlabeled
091525_7691_w2FITC-C_1,,data_nov,unlabeled
090125_7556_w2FITC-C,,data_nov,unlabeled
091625_7759_w2FITC-C,,data_nov,unlabeled
091625_7726_w2FITC-C,,data_nov,unlabeled
091725_7923_w2FITC-C,,data_nov,unlabeled
091725_7939_w2FITC-C,,data_nov,unlabeled
091825_7990_w2FITC-C,,data_nov,unlabeled
091525_7586_w2FITC-C_2,,data_nov,unlabeled
062725_6043_w2FITC-C,,data_nov,unlabeled
062725_6063_w2FITC-C_1,,data_nov,unlabeled
091625_7717_w2FITC-C_1,,data_nov,unlabeled
091725_7872_w2FITC-C,,data_nov,unlabeled
091725_7861_w2FITC-C_1,,data_nov,unlabeled
090125_7562_w2FITC-C_1,,data_nov,unlabeled
062725_6060_w2FITC-C_1,,data_nov,unlabeled
091525_7635_w2FITC-C,,data_nov,unlabeled
062725_6065_w2FITC-C,,data_nov,unlabeled
091625_7760_w2FITC-C_2,,data_nov,unlabeled
091725_7921_w2FITC-C,,data_nov,unlabeled
090125_7538_w2FITC-C,,data_nov,unlabeled
091825_7959_w2FITC-C,,data_nov,unlabeled
062725_6061_w2FITC-C_2,,data_nov,unlabeled
091825_7967_w2FITC-C,,data_nov,unlabeled
072225_6895_w2FITC-C,,data_nov,unlabeled
091525_7700_w2FITC-C,,data_nov,unlabeled
091525_7693_w2FITC-C_1,,data_nov,unlabeled
091725_7837_w2FITC-C,,data_nov,unlabeled
091725_7934_w2FITC-C_2,,data_nov,unlabeled
072525_7076_w2FITC-C_2,,data_nov,unlabeled
091725_7845_w2FITC-C,,data_nov,unlabeled
091825_8010_w2FITC-C_1,,data_nov,unlabeled
091525_7625_w2FITC-C,,data_nov,unlabeled
081925_7381_w2FITC-C,,data_nov,unlabeled
062825_6240_w2FITC-C_1,,data_nov,unlabeled
091625_7793_w2FITC-C_1,,data_nov,unlabeled
062725_6061_w2FITC-C_3,,data_nov,unlabeled
091725_7808_w2FITC-C,,data_nov,unlabeled
090125_7489_w2FITC-C,,data_nov,unlabeled
072525_7055_w2FITC-C,,data_nov,unlabeled
081825_7178_w2FITC-C_1,,data_nov,unlabeled
091725_7895_w2FITC-C_1,,data_nov,unlabeled
062725_6049_w2FITC-C_2,,data_nov,unlabeled
091525_7653_w2FITC-C,,data_nov,unlabeled
091725_7907_w2FITC-C,,data_nov,unlabeled
091725_7806_w2FITC-C,,data_nov,unlabeled
091525_7596_w2FITC-C_2,,data_nov,unlabeled
091725_7900_w2FITC-C_1,,data_nov,unlabeled
091725_7841_w2FITC-C_1,,data_nov,unlabeled
091525_7636_w2FITC-C,,data_nov,unlabeled
062725_6038_w2FITC-C,,data_nov,unlabeled
091625_7768_w2FITC-C_2,,data_nov,unlabeled
091725_7936_w2FITC-C,,data_nov,unlabeled
091625_7731_w2FITC-C,,data_nov,unlabeled
091825_8026_w2FITC-C,,data_nov,unlabeled
062825_6233_w2FITC-C,,data_nov,unlabeled
091625_7765_w2FITC-C,,data_nov,unlabeled
091825_7989_w2FITC-C,,data_nov,unlabeled
091825_7976_w2FITC-C_2,,data_nov,unlabeled
081825_7163_w2FITC-C,,data_nov,unlabeled
081925_7349_w2FITC-C,,data_nov,unlabeled
062725_6041_w2FITC-C_1,,data_nov,unlabeled
090125_7554_w2FITC-C_2,,data_nov,unlabeled
091825_8015_w2FITC-C,,data_nov,unlabeled
091725_7891_w2FITC-C,,data_nov,unlabeled
091725_7861_w2FITC-C_3,,data_nov,unlabeled
091725_7927_w2FITC-C_2,,data_nov,unlabeled
091525_7704_w2FITC-C_2,,data_nov,unlabeled
062725_6042_w2FITC-C_3,,data_nov,unlabeled
091725_7919_w2FITC-C,,data_nov,unlabeled
091525_7667_w2FITC-C_1,,data_nov,unlabeled
090125_7515_w2FITC-C,,data_nov,unlabeled
081825_7156_w2FITC-C,,data_nov,unlabeled
091725_7908_w2FITC-C,,data_nov,unlabeled
091725_7876_w2FITC-C,,data_nov,unlabeled
091625_7788_w2FITC-C_2,,data_nov,unlabeled
072225_6890_w2FITC-C,,data_nov,unlabeled
062725_6036_w2FITC-C_2,,data_nov,unlabeled
091725_7834_w2FITC-C_2,,data_nov,unlabeled
091525_7592_w2FITC-C,,data_nov,unlabeled
081925_7377_w2FITC-C,,data_nov,unlabeled
072225_6905_w2FITC-C,,data_nov,unlabeled
062825_6248_w2FITC-C,,data_nov,unlabeled
081825_7180_w2FITC-C_1,,data_nov,unlabeled
091525_7702_w2FITC-C,,data_nov,unlabeled
091825_8002_w2FITC-C,,data_nov,unlabeled
072525_7073_w2FITC-C,,data_nov,unlabeled
062725_6068_w2FITC-C_1,,data_nov,unlabeled
091725_7807_w2FITC-C,,data_nov,unlabeled
091525_7584_w2FITC-C,,data_nov,unlabeled
091625_7799_w2FITC-C_1,,data_nov,unlabeled
091725_7836_w2FITC-C,,data_nov,unlabeled
072525_7066_w2FITC-C,,data_nov,unlabeled
091525_7692_w2FITC-C,,data_nov,unlabeled
081925_7362_w2FITC-C_1,,data_nov,unlabeled
091725_7916_w2FITC-C,,data_nov,unlabeled
081825_7162_w2FITC-C_2,,data_nov,unlabeled
091825_7977_w2FITC-C,,data_nov,unlabeled
062725_6032_w2FITC-C,,data_nov,unlabeled
091825_7960_w2FITC-C,,data_nov,unlabeled
091825_7944_w2FITC-C,,data_nov,unlabeled
091725_7912_w2FITC-C,,data_nov,unlabeled
081925_7358_w2FITC-C,,data_nov,unlabeled
090125_7560_w2FITC-C,,data_nov,unlabeled
091725_7826_w2FITC-C,,data_nov,unlabeled
090125_7506_w2FITC-C,,data_nov,unlabeled
090125_7488_w2FITC-C,,data_nov,unlabeled
081825_7185_w2FITC-C,,data_nov,unlabeled
091525_7660_w2FITC-C,,data_nov,unlabeled
090125_7564_w2FITC-C,,data_nov,unlabeled
081825_7181_w2FITC-C,,data_nov,unlabeled
091725_7918_w2FITC-C,,data_nov,unlabeled
091525_7610_w2FITC-C,,data_nov,unlabeled
062825_6249_w2FITC-C,,data_nov,unlabeled
091525_7582_w2FITC-C_2,,data_nov,unlabeled
091825_8024_w2FITC-C_2,,data_nov,unlabeled
081925_7355_w2FITC-C,,data_nov,unlabeled
091725_7914_w2FITC-C,,data_nov,unlabeled
091525_7623_w2FITC-C_1,,data_nov,unlabeled
072525_7096_w2FITC-C,,data_nov,unlabeled
091525_7600_w2FITC-C,,data_nov,unlabeled
081925_7385_w2FITC-C_2,,data_nov,unlabeled
091725_7925_w2FITC-C,,data_nov,unlabeled
081925_7379_w2FITC-C,,data_nov,unlabeled
091625_7749_w2FITC-C,,data_nov,unlabeled
091525_7697_w2FITC-C_3,,data_nov,unlabeled
090125_7568_w2FITC-C_2,,data_nov,unlabeled
090125_7500_w2FITC-C,,data_nov,unlabeled
091625_7747_w2FITC-C_1,,data_nov,unlabeled
091525_7712_w2FITC-C,,data_nov,unlabeled
091825_8027_w2FITC-C,,data_nov,unlabeled
091725_7813_w2FITC-C,,data_nov,unlabeled
091725_7832_w2FITC-C_1,,data_nov,unlabeled
091525_7594_w2FITC-C,,data_nov,unlabeled
091525_7669_w2FITC-C,,data_nov,unlabeled
091725_7933_w2FITC-C_3,,data_nov,unlabeled
091525_7612_w2FITC-C,,data_nov,unlabeled
091625_7799_w2FITC-C_2,,data_nov,unlabeled
062725_6053_w2FITC-C,,data_nov,unlabeled
072525_7060_w2FITC-C,,data_nov,unlabeled
072525_7062_w2FITC-C_1,,data_nov,unlabeled
091625_7801_w2FITC-C_3,,data_nov,unlabeled
062825_6236_w2FITC-C,,data_nov,unlabeled
081925_7343_w2FITC-C,,data_nov,unlabeled
062725_6042_w2FITC-C_2,,data_nov,unlabeled
081925_7365_w2FITC-C,,data_nov,unlabeled
090125_7526_w2FITC-C,,data_nov,unlabeled
091625_7757_w2FITC-C,,data_nov,unlabeled
090125_7562_w2FITC-C_2,,data_nov,unlabeled
091525_7634_w2FITC-C,,data_nov,unlabeled
091525_7598_w2FITC-C_2,,data_nov,unlabeled
062725_6042_w2FITC-C_1,,data_nov,unlabeled
091725_7892_w2FITC-C_1,,data_nov,unlabeled
081825_7168_w2FITC-C,,data_nov,unlabeled
072525_7081_w2FITC-C,,data_nov,unlabeled
091725_7870_w2FITC-C,,data_nov,unlabeled
091525_7688_w2FITC-C,,data_nov,unlabeled
072525_7084_w2FITC-C_1,,data_nov,unlabeled
091625_7729_w2FITC-C,,data_nov,unlabeled
081925_7376_w2FITC-C,,data_nov,unlabeled
062725_6062_w2FITC-C,,data_nov,unlabeled
062825_6251_w2FITC-C_1,,data_nov,unlabeled
091725_7893_w2FITC-C,,data_nov,unlabeled
062725_6036_w2FITC-C_1,,data_nov,unlabeled
072225_6888_w2FITC-C,,data_nov,unlabeled
062725_6072_w2FITC-C_1,,data_nov,unlabeled
091525_7618_w2FITC-C,,data_nov,unlabeled
090125_7490_w2FITC-C,,data_nov,unlabeled
072225_6875_w2FITC-C_2,,data_nov,unlabeled
091625_7756_w2FITC-C,,data_nov,unlabeled
081825_7150_w2FITC-C,,data_nov,unlabeled
062825_6215_w2FITC-C_2,,data_nov,unlabeled
090125_7572_w2FITC-C_1,,data_nov,unlabeled
091825_7999_w2FITC-C_2,,data_nov,unlabeled
091525_7588_w2FITC-C_2,,data_nov,unlabeled
091525_7686_w2FITC-C,,data_nov,unlabeled
081825_7182_w2FITC-C,,data_nov,unlabeled
062825_6219_w2FITC-C,,data_nov,unlabeled
062825_6241_w2FITC-C,,data_nov,unlabeled
062725_6040_w2FITC-C_2,,data_nov,unlabeled
091725_7844_w2FITC-C_1,,data_nov,unlabeled
062725_6072_w2FITC-C_2,,data_nov,unlabeled
091525_7586_w2FITC-C_1,,data_nov,unlabeled
091525_7633_w2FITC-C_1,,data_nov,unlabeled
091525_7666_w2FITC-C,,data_nov,unlabeled
090125_7520_w2FITC-C,,data_nov,unlabeled
062725_6063_w2FITC-C_2,,data_nov,unlabeled
091525_7614_w2FITC-C,,data_nov,unlabeled
081925_7347_w2FITC-C,,data_nov,unlabeled
091525_7598_w2FITC-C_1,,data_nov,unlabeled
091825_8028_w2FITC-C,,data_nov,unlabeled
091525_7684_w2FITC-C_2,,data_nov,unlabeled
091525_7606_w2FITC-C,,data_nov,unlabeled
072225_6912_w2FITC-C_2,,data_nov,unlabeled
091625_7736_w2FITC-C_3,,data_nov,unlabeled
062825_6213_w2FITC-C,,data_nov,unlabeled
081825_7174_w2FITC-C,,data_nov,unlabeled
090125_7504_w2FITC-C,,data_nov,unlabeled
072525_7094_w2FITC-C_1,,data_nov,unlabeled
091525_7698_w2FITC-C,,data_nov,unlabeled
062825_6251_w2FITC-C_2,,data_nov,unlabeled
081925_7368_w2FITC-C,,data_nov,unlabeled
091525_7624_w2FITC-C,,data_nov,unlabeled
081925_7357_w2FITC-C,,data_nov,unlabeled
062825_6244_w2FITC-C,,data_nov,unlabeled
081825_7161_w2FITC-C,,data_nov,unlabeled
072225_6887_w2FITC-C,,data_nov,unlabeled
090125_7537_w2FITC-C,,data_nov,unlabeled
090125_7543_w2FITC-C,,data_nov,unlabeled
090125_7557_w2FITC-C,,data_nov,unlabeled
090125_7507_w2FITC-C,,data_nov,unlabeled
091525_7671_w2FITC-C_1,,data_nov,unlabeled
081825_7160_w2FITC-C,,data_nov,unlabeled
091625_7724_w2FITC-C,,data_nov,unlabeled
090125_7575_w2FITC-C,,data_nov,unlabeled
091825_7964_w2FITC-C,,data_nov,unlabeled
090125_7493_w2FITC-C_2,,data_nov,unlabeled
072525_7056_w2FITC-C,,data_nov,unlabeled
062825_6230_w2FITC-C,,data_nov,unlabeled
062825_6212_w2FITC-C,,data_nov,unlabeled
081825_7171_w2FITC-C,,data_nov,unlabeled
091725_7911_w2FITC-C_1,,data_nov,unlabeled
091525_7585_w2FITC-C,,data_nov,unlabeled
091825_7979_w2FITC-C,,data_nov,unlabeled
072525_7054_w2FITC-C,,data_nov,unlabeled
091725_7932_w2FITC-C_1,,data_nov,unlabeled
072225_6889_w2FITC-C,,data_nov,unlabeled
091525_7622_w2FITC-C,,data_nov,unlabeled
091725_7901_w2FITC-C_2,,data_nov,unlabeled
072225_6898_w2FITC-C,,data_nov,unlabeled
091725_7910_w2FITC-C_1,,data_nov,unlabeled
072525_7064_w2FITC-C_1,,data_nov,unlabeled
091625_7770_w2FITC-C_2,,data_nov,unlabeled
062825_6221_w2FITC-C,,data_nov,unlabeled
062725_6060_w2FITC-C_2,,data_nov,unlabeled
062825_6229_w2FITC-C_2,,data_nov,unlabeled
091625_7794_w2FITC-C,,data_nov,unlabeled
091625_7797_w2FITC-C,,data_nov,unlabeled
091825_7975_w2FITC-C,,data_nov,unlabeled
091825_7985_w2FITC-C,,data_nov,unlabeled
091625_7805_w2FITC-C,,data_nov,unlabeled
091625_7718_w2FITC-C_1,,data_nov,unlabeled
081925_7385_w2FITC-C_1,,data_nov,unlabeled
090125_7570_w2FITC-C_1,,data_nov,unlabeled
091525_7680_w2FITC-C,,data_nov,unlabeled
072525_7069_w2FITC-C,,data_nov,unlabeled
091825_7986_w2FITC-C,,data_nov,unlabeled
062725_6058_w2FITC-C,,data_nov,unlabeled
062825_6250_w2FITC-C,,data_nov,unlabeled
091825_7946_w2FITC-C,,data_nov,unlabeled
091625_7771_w2FITC-C,,data_nov,unlabeled
091825_8003_w2FITC-C,,data_nov,unlabeled
062725_6047_w2FITC-C,,data_nov,unlabeled
091625_7775_w2FITC-C_1,,data_nov,unlabeled
091725_7915_w2FITC-C,,data_nov,unlabeled
091825_8021_w2FITC-C,,data_nov,unlabeled
091825_7969_w2FITC-C,,data_nov,unlabeled
062825_6218_w2FITC-C_1,,data_nov,unlabeled
091625_7804_w2FITC-C,,data_nov,unlabeled
090125_7531_w2FITC-C,,data_nov,unlabeled
090125_7551_w2FITC-C,,data_nov,unlabeled
091625_7745_w2FITC-C,,data_nov,unlabeled
091825_8012_w2FITC-C_1,,data_nov,unlabeled
091625_7773_w2FITC-C,,data_nov,unlabeled
072525_7082_w2FITC-C_1,,data_nov,unlabeled
091525_7672_w2FITC-C,,data_nov,unlabeled
081925_7361_w2FITC-C,,data_nov,unlabeled
072525_7067_w2FITC-C,,data_nov,unlabeled
091725_7928_w2FITC-C_2,,data_nov,unlabeled
091825_7992_w2FITC-C_2,,data_nov,unlabeled
091625_7750_w2FITC-C,,data_nov,unlabeled
091525_7689_w2FITC-C,,data_nov,unlabeled
090125_7514_w2FITC-C,,data_nov,unlabeled
090125_7534_w2FITC-C,,data_nov,unlabeled
090125_7501_w2FITC-C,,data_nov,unlabeled
091525_7609_w2FITC-C,,data_nov,unlabeled
062725_6040_w2FITC-C_1,,data_nov,unlabeled
091725_7816_w2FITC-C,,data_nov,unlabeled
091625_7761_w2FITC-C,,data_nov,unlabeled
091625_7779_w2FITC-C,,data_nov,unlabeled
090125_7505_w2FITC-C,,data_nov,unlabeled
091625_7727_w2FITC-C,,data_nov,unlabeled
072225_6893_w2FITC-C,,data_nov,unlabeled
062725_6061_w2FITC-C_4,,data_nov,unlabeled
081825_7167_w2FITC-C,,data_nov,unlabeled
091625_7786_w2FITC-C_2,,data_nov,unlabeled
091825_7953_w2FITC-C,,data_nov,unlabeled
081825_7169_w2FITC-C_1,,data_nov,unlabeled
081825_7157_w2FITC-C,,data_nov,unlabeled
091625_7744_w2FITC-C,,data_nov,unlabeled
062825_6210_w2FITC-C,,data_nov,unlabeled
072525_7092_w2FITC-C,,data_nov,unlabeled
091725_7818_w2FITC-C,,data_nov,unlabeled
072225_6906_w2FITC-C,,data_nov,unlabeled
091525_7674_w2FITC-C,,data_nov,unlabeled
091725_7866_w2FITC-C,,data_nov,unlabeled
091525_7649_w2FITC-C_1,,data_nov,unlabeled
091525_7696_w2FITC-C,,data_nov,unlabeled
090125_7502_w2FITC-C,,data_nov,unlabeled
062725_6066_w2FITC-C,,data_nov,unlabeled
091525_7642_w2FITC-C,,data_nov,unlabeled
091525_7588_w2FITC-C_1,,data_nov,unlabeled
091525_7694_w2FITC-C,,data_nov,unlabeled
091725_7828_w2FITC-C,,data_nov,unlabeled
091625_7796_w2FITC-C,,data_nov,unlabeled
091725_7900_w2FITC-C_2,,data_nov,unlabeled
091525_7667_w2FITC-C_2,,data_nov,unlabeled
091525_7685_w2FITC-C_2,,data_nov,unlabeled
072525_7094_w2FITC-C_2,,data_nov,unlabeled
091625_7739_w2FITC-C,,data_nov,unlabeled
091725_7822_w2FITC-C,,data_nov,unlabeled
062725_6073_w2FITC-C_2,,data_nov,unlabeled
091625_7758_w2FITC-C_1,,data_nov,unlabeled
081925_7371_w2FITC-C,,data_nov,unlabeled
091625_7722_w2FITC-C,,data_nov,unlabeled
072225_6884_w2FITC-C,,data_nov,unlabeled
091525_7650_w2FITC-C,,data_nov,unlabeled
091825_8023_w2FITC-C,,data_nov,unlabeled
091525_7710_w2FITC-C,,data_nov,unlabeled
091725_7863_w2FITC-C,,data_nov,unlabeled
072225_6892_w2FITC-C,,data_nov,unlabeled
091725_7913_w2FITC-C,,data_nov,unlabeled
090125_7558_w2FITC-C,,data_nov,unlabeled
091625_7790_w2FITC-C,,data_nov,unlabeled
091625_7751_w2FITC-C,,data_nov,unlabeled
090125_7576_w2FITC-C,,data_nov,unlabeled
062725_6050_w2FITC-C,,data_nov,unlabeled
091525_7582_w2FITC-C_1,,data_nov,unlabeled
091525_7628_w2FITC-C,,data_nov,unlabeled
062725_6067_w2FITC-C,,data_nov,unlabeled
091625_7788_w2FITC-C_1,,data_nov,unlabeled
090125_7522_w2FITC-C,,data_nov,unlabeled
091525_7640_w2FITC-C,,data_nov,unlabeled
072525_7058_w2FITC-C,,data_nov,unlabeled
072525_7062_w2FITC-C_2,,data_nov,unlabeled
072525_7101_w2FITC-C_2,,data_nov,unlabeled
091825_7996_w2FITC-C,,data_nov,unlabeled
091825_8034_w2FITC-C,,data_nov,unlabeled
091725_7932_w2FITC-C_2,,data_nov,unlabeled
091825_7994_w2FITC-C,,data_nov,unlabeled
091625_7769_w2FITC-C,,data_nov,unlabeled
062825_6240_w2FITC-C_2,,data_nov,unlabeled
090125_7493_w2FITC-C_1,,data_nov,unlabeled
091825_7949_w2FITC-C,,data_nov,unlabeled
081925_7362_w2FITC-C_2,,data_nov,unlabeled
091525_7679_w2FITC-C,,data_nov,unlabeled
091525_7670_w2FITC-C,,data_nov,unlabeled
091725_7877_w2FITC-C,,data_nov,unlabeled
081825_7189_w2FITC-C,,data_nov,unlabeled
091825_8005_w2FITC-C,,data_nov,unlabeled
091825_7962_w2FITC-C,,data_nov,unlabeled
091725_7901_w2FITC-C_1,,data_nov,unlabeled
091825_8020_w2FITC-C_1,,data_nov,unlabeled
081825_7188_w2FITC-C,,data_nov,unlabeled
081925_7378_w2FITC-C,,data_nov,unlabeled
091825_7968_w2FITC-C,,data_nov,unlabeled
091525_7709_w2FITC-C,,data_nov,unlabeled
091525_7581_w2FITC-C_2,,data_nov,unlabeled
091825_7973_w2FITC-C,,data_nov,unlabeled
091725_7909_w2FITC-C,,data_nov,unlabeled
062825_6224_w2FITC-C,,data_nov,unlabeled
062725_6049_w2FITC-C_1,,data_nov,unlabeled
091725_7906_w2FITC-C_2,,data_nov,unlabeled
091625_7740_w2FITC-C,,data_nov,unlabeled
091625_7772_w2FITC-C,,data_nov,unlabeled
091525_7579_w2FITC-C_1,,data_nov,unlabeled
091625_7755_w2FITC-C,,data_nov,unlabeled
091825_7993_w2FITC-C_2,,data_nov,unlabeled
091625_7803_w2FITC-C,,data_nov,unlabeled
090125_7535_w2FITC-C,,data_nov,unlabeled
091525_7681_w2FITC-C,,data_nov,unlabeled
081825_7151_w2FITC-C,,data_nov,unlabeled
091725_7810_w2FITC-C,,data_nov,unlabeled
091825_8020_w2FITC-C_2,,data_nov,unlabeled
062825_6231_w2FITC-C,,data_nov,unlabeled
072525_7091_w2FITC-C_1,,data_nov,unlabeled
072225_6907_w2FITC-C_2,,data_nov,unlabeled
091725_7934_w2FITC-C_1,,data_nov,unlabeled
091725_7892_w2FITC-C_2,,data_nov,unlabeled
081825_7172_w2FITC-C,,data_nov,unlabeled
090125_7563_w2FITC-C_2,,data_nov,unlabeled
091725_7932_w2FITC-C_3,,data_nov,unlabeled
091725_7905_w2FITC-C_1,,data_nov,unlabeled
090125_7499_w2FITC-C,,data_nov,unlabeled
072525_7070_w2FITC-C,,data_nov,unlabeled
091625_7793_w2FITC-C_2,,data_nov,unlabeled
091725_7850_w2FITC-C_1,,data_nov,unlabeled
091725_7878_w2FITC-C,,data_nov,unlabeled
090125_7527_w2FITC-C,,data_nov,unlabeled
072525_7095_w2FITC-C_1,,data_nov,unlabeled
072225_6903_w2FITC-C,,data_nov,unlabeled
091725_7937_w2FITC-C,,data_nov,unlabeled
091525_7683_w2FITC-C,,data_nov,unlabeled
091725_7910_w2FITC-C_2,,data_nov,unlabeled
072525_7083_w2FITC-C,,data_nov,unlabeled
091825_7995_w2FITC-C,,data_nov,unlabeled
091625_7801_w2FITC-C_1,,data_nov,unlabeled
091625_7776_w2FITC-C,,data_nov,unlabeled
062725_6057_w2FITC-C,,data_nov,unlabeled
090125_7567_w2FITC-C_1,,data_nov,unlabeled
091725_7812_w2FITC-C,,data_nov,unlabeled
091525_7603_w2FITC-C,,data_nov,unlabeled
091725_7855_w2FITC-C,,data_nov,unlabeled
072225_6904_w2FITC-C,,data_nov,unlabeled
062825_6220_w2FITC-C_2,,data_nov,unlabeled
062725_6034_w2FITC-C,,data_nov,unlabeled
091825_8022_w2FITC-C,,data_nov,unlabeled
091725_7823_w2FITC-C,,data_nov,unlabeled
091525_7703_w2FITC-C_1,,data_nov,unlabeled
090125_7491_w2FITC-C,,data_nov,unlabeled
091725_7814_w2FITC-C,,data_nov,unlabeled
091825_8016_w2FITC-C,,data_nov,unlabeled
091525_7703_w2FITC-C_2,,data_nov,unlabeled
091825_8011_w2FITC-C,,data_nov,unlabeled
091625_7784_w2FITC-C_2,,data_nov,unlabeled
081925_7372_w2FITC-C,,data_nov,unlabeled
091725_7849_w2FITC-C,,data_nov,unlabeled
091825_7974_w2FITC-C_1,,data_nov,unlabeled
091625_7802_w2FITC-C,,data_nov,unlabeled
091525_7590_w2FITC-C,,data_nov,unlabeled
091725_7825_w2FITC-C,,data_nov,unlabeled
090125_7571_w2FITC-C,,data_nov,unlabeled
072225_6875_w2FITC-C_1,,data_nov,unlabeled
091725_7830_w2FITC-C,,data_nov,unlabeled
091525_7647_w2FITC-C,,data_nov,unlabeled
072225_6891_w2FITC-C,,data_nov,unlabeled
091625_7789_w2FITC-C_3,,data_nov,unlabeled
081925_7350_w2FITC-C,,data_nov,unlabeled
091825_7998_w2FITC-C_2,,data_nov,unlabeled
091825_7951_w2FITC-C,,data_nov,unlabeled
090125_7533_w2FITC-C_1,,data_nov,unlabeled
091625_7760_w2FITC-C_1,,data_nov,unlabeled
081825_7154_w2FITC-C,,data_nov,unlabeled
091525_7630_w2FITC-C,,data_nov,unlabeled
091725_7902_w2FITC-C,,data_nov,unlabeled
090125_7496_w2FITC-C,,data_nov,unlabeled
091625_7786_w2FITC-C_1,,data_nov,unlabeled
091525_7657_w2FITC-C,,data_nov,unlabeled
072525_7098_w2FITC-C_1,,data_nov,unlabeled
091525_7620_w2FITC-C,,data_nov,unlabeled
091525_7661_w2FITC-C_2,,data_nov,unlabeled
091725_7941_w2FITC-C,,data_nov,unlabeled
091525_7579_w2FITC-C_2,,data_nov,unlabeled
062825_6228_w2FITC-C,,data_nov,unlabeled
091625_7748_w2FITC-C,,data_nov,unlabeled
091625_7733_w2FITC-C,,data_nov,unlabeled
072525_7065_w2FITC-C,,data_nov,unlabeled
062825_6216_w2FITC-C,,data_nov,unlabeled
072525_7076_w2FITC-C_3,,data_nov,unlabeled
091725_7862_w2FITC-C,,data_nov,unlabeled
091825_7971_w2FITC-C_1,,data_nov,unlabeled
091525_7619_w2FITC-C,,data_nov,unlabeled
081825_7191_w2FITC-C,,data_nov,unlabeled
091625_7781_w2FITC-C,,data_nov,unlabeled
091825_7993_w2FITC-C_1,,data_nov,unlabeled
072525_7091_w2FITC-C_2,,data_nov,unlabeled
091825_7955_w2FITC-C,,data_nov,unlabeled
091525_7639_w2FITC-C,,data_nov,unlabeled
062725_6064_w2FITC-C,,data_nov,unlabeled
091725_7879_w2FITC-C,,data_nov,unlabeled
091525_7704_w2FITC-C_1,,data_nov,unlabeled
091525_7581_w2FITC-C_1,,data_nov,unlabeled
091725_7875_w2FITC-C,,data_nov,unlabeled
062825_6237_w2FITC-C,,data_nov,unlabeled
081825_7190_w2FITC-C,,data_nov,unlabeled
091625_7783_w2FITC-C,,data_nov,unlabeled
091725_7922_w2FITC-C,,data_nov,unlabeled
081825_7178_w2FITC-C_2,,data_nov,unlabeled
091725_7817_w2FITC-C,,data_nov,unlabeled
091625_7762_w2FITC-C,,data_nov,unlabeled
091725_7938_w2FITC-C,,data_nov,unlabeled
072525_7061_w2FITC-C,,data_nov,unlabeled
091525_7637_w2FITC-C,,data_nov,unlabeled
091725_7847_w2FITC-C,,data_nov,unlabeled
